open_time,regime_label,close,reject_reason,specialist_pred_proba,specialist_pred_label,actual_label,threshold,band_name,band_min,band_max
2025-08-04 20:30:00,trend_up,3648.89,non_compression_regime,,,,0.78,ge_0.78,0.78,
2025-08-04 22:30:00,trend_up,3681.5,non_compression_regime,,,,0.78,ge_0.78,0.78,
2025-08-04 23:30:00,trend_up,3676.28,non_compression_regime,,,,0.78,ge_0.78,0.78,
2025-08-05 00:30:00,trend_up,3669.73,non_compression_regime,,,,0.78,ge_0.78,0.78,
2025-08-05 01:30:00,trend_up,3700.47,non_compression_regime,,,,0.78,ge_0.78,0.78,
2025-08-05 02:30:00,trend_up,3710.02,non_compression_regime,,,,0.78,ge_0.78,0.78,
2025-08-05 19:30:00,range,3577.85,non_compression_regime,,,,0.78,ge_0.78,0.78,
2025-08-05 20:30:00,range,3570.43,non_compression_regime,,,,0.78,ge_0.78,0.78,
2025-08-05 21:30:00,trend_down,3577.67,non_compression_regime,,,,0.78,ge_0.78,0.78,
2025-08-06 00:30:00,trend_down,3571.66,non_compression_regime,,,,0.78,ge_0.78,0.78,
2025-08-06 01:30:00,trend_down,3576.5,non_compression_regime,,,,0.78,ge_0.78,0.78,
2025-08-06 02:30:00,trend_down,3575.62,non_compression_regime,,,,0.78,ge_0.78,0.78,
2025-08-06 05:30:00,trend_down,3576.17,non_compression_regime,,,,0.78,ge_0.78,0.78,
2025-08-06 08:30:00,range,3583.66,non_compression_regime,,,,0.78,ge_0.78,0.78,
2025-08-06 09:30:00,range,3573.51,non_compression_regime,,,,0.78,ge_0.78,0.78,
2025-08-06 17:30:00,range,3584.01,non_compression_regime,,,,0.78,ge_0.78,0.78,
2025-08-06 18:30:00,range,3602.75,non_compression_regime,,,,0.78,ge_0.78,0.78,
2025-08-06 19:30:00,range,3637.17,non_compression_regime,,,,0.78,ge_0.78,0.78,
2025-08-06 21:30:00,range,3645.42,non_compression_regime,,,,0.78,ge_0.78,0.78,
2025-08-07 06:30:00,range,3667.55,non_compression_regime,,,,0.78,ge_0.78,0.78,
2025-08-07 07:30:00,range,3659.03,non_compression_regime,,,,0.78,ge_0.78,0.78,
2025-08-07 08:30:00,range,3656.78,non_compression_regime,,,,0.78,ge_0.78,0.78,
2025-08-07 09:30:00,range,3662.27,non_compression_regime,,,,0.78,ge_0.78,0.78,
2025-08-07 10:30:00,range,3688.0,non_compression_regime,,,,0.78,ge_0.78,0.78,
2025-08-07 11:30:00,range,3695.14,non_compression_regime,,,,0.78,ge_0.78,0.78,
2025-08-07 12:30:00,range,3702.4,non_compression_regime,,,,0.78,ge_0.78,0.78,
2025-08-07 13:30:00,range,3721.25,non_compression_regime,,,,0.78,ge_0.78,0.78,
2025-08-07 14:30:00,range,3732.41,non_compression_regime,,,,0.78,ge_0.78,0.78,
2025-08-07 15:30:00,trend_up,3821.48,non_compression_regime,,,,0.78,ge_0.78,0.78,
2025-08-07 16:30:00,trend_up,3827.0,non_compression_regime,,,,0.78,ge_0.78,0.78,
2025-08-07 19:30:00,trend_up,3820.33,non_compression_regime,,,,0.78,ge_0.78,0.78,
2025-08-07 21:30:00,trend_up,3815.29,non_compression_regime,,,,0.78,ge_0.78,0.78,
2025-08-07 22:30:00,trend_up,3830.2,non_compression_regime,,,,0.78,ge_0.78,0.78,
2025-08-07 23:30:00,trend_up,3827.7,non_compression_regime,,,,0.78,ge_0.78,0.78,
2025-08-08 00:30:00,trend_up,3867.6,non_compression_regime,,,,0.78,ge_0.78,0.78,
2025-08-08 01:30:00,trend_up,3874.14,non_compression_regime,,,,0.78,ge_0.78,0.78,
2025-08-08 05:30:00,high_volatility,3900.16,non_compression_regime,,,,0.78,ge_0.78,0.78,
2025-08-08 06:30:00,high_volatility,3887.36,non_compression_regime,,,,0.78,ge_0.78,0.78,
2025-08-08 13:30:00,range,3898.46,non_compression_regime,,,,0.78,ge_0.78,0.78,
2025-08-08 14:30:00,range,3900.03,non_compression_regime,,,,0.78,ge_0.78,0.78,
2025-08-08 15:30:00,range,3897.41,non_compression_regime,,,,0.78,ge_0.78,0.78,
2025-08-08 17:30:00,range,3892.37,non_compression_regime,,,,0.78,ge_0.78,0.78,
2025-08-08 20:30:00,range,3954.56,non_compression_regime,,,,0.78,ge_0.78,0.78,
2025-08-08 21:30:00,range,3970.97,non_compression_regime,,,,0.78,ge_0.78,0.78,
2025-08-08 22:30:00,range,4032.69,non_compression_regime,,,,0.78,ge_0.78,0.78,
2025-08-09 03:30:00,range,4024.86,non_compression_regime,,,,0.78,ge_0.78,0.78,
2025-08-09 04:30:00,range,4009.5,non_compression_regime,,,,0.78,ge_0.78,0.78,
2025-08-09 05:30:00,range,4016.99,non_compression_regime,,,,0.78,ge_0.78,0.78,
2025-08-09 06:30:00,range,4033.19,non_compression_regime,,,,0.78,ge_0.78,0.78,
2025-08-09 07:30:00,range,4032.44,non_compression_regime,,,,0.78,ge_0.78,0.78,
2025-08-09 08:30:00,range,4051.01,non_compression_regime,,,,0.78,ge_0.78,0.78,
2025-08-09 09:30:00,range,4080.92,non_compression_regime,,,,0.78,ge_0.78,0.78,
2025-08-09 11:30:00,range,4162.23,non_compression_regime,,,,0.78,ge_0.78,0.78,
2025-08-09 13:30:00,high_volatility,4189.89,non_compression_regime,,,,0.78,ge_0.78,0.78,
2025-08-09 20:30:00,high_volatility,4209.57,non_compression_regime,,,,0.78,ge_0.78,0.78,
2025-08-09 21:30:00,range,4207.77,non_compression_regime,,,,0.78,ge_0.78,0.78,
2025-08-09 22:30:00,range,4235.0,non_compression_regime,,,,0.78,ge_0.78,0.78,
2025-08-10 00:30:00,high_volatility,4258.57,non_compression_regime,,,,0.78,ge_0.78,0.78,
2025-08-10 03:30:00,high_volatility,4264.28,non_compression_regime,,,,0.78,ge_0.78,0.78,
2025-08-10 04:30:00,range,4260.62,non_compression_regime,,,,0.78,ge_0.78,0.78,
2025-08-10 16:30:00,range,4180.57,non_compression_regime,,,,0.78,ge_0.78,0.78,
2025-08-10 18:30:00,range,4167.45,non_compression_regime,,,,0.78,ge_0.78,0.78,
2025-08-10 19:30:00,range,4219.37,non_compression_regime,,,,0.78,ge_0.78,0.78,
2025-08-10 20:30:00,range,4217.94,non_compression_regime,,,,0.78,ge_0.78,0.78,
2025-08-10 22:30:00,range,4224.01,non_compression_regime,,,,0.78,ge_0.78,0.78,
2025-08-11 05:30:00,range,4262.94,non_compression_regime,,,,0.78,ge_0.78,0.78,
2025-08-11 19:30:00,range,4277.64,non_compression_regime,,,,0.78,ge_0.78,0.78,
2025-08-12 02:30:00,high_volatility,4219.94,non_compression_regime,,,,0.78,ge_0.78,0.78,
2025-08-12 11:30:00,range,4290.84,non_compression_regime,,,,0.78,ge_0.78,0.78,
2025-08-12 14:30:00,range,4288.01,non_compression_regime,,,,0.78,ge_0.78,0.78,
2025-08-12 15:30:00,range,4277.39,non_compression_regime,,,,0.78,ge_0.78,0.78,
2025-08-12 16:30:00,range,4290.94,non_compression_regime,,,,0.78,ge_0.78,0.78,
2025-08-12 18:30:00,range,4383.49,non_compression_regime,,,,0.78,ge_0.78,0.78,
2025-08-12 19:30:00,trend_up,4415.71,non_compression_regime,,,,0.78,ge_0.78,0.78,
2025-08-12 20:30:00,trend_up,4472.62,non_compression_regime,,,,0.78,ge_0.78,0.78,
2025-08-12 21:30:00,trend_up,4465.75,non_compression_regime,,,,0.78,ge_0.78,0.78,
2025-08-12 22:30:00,trend_up,4500.25,non_compression_regime,,,,0.78,ge_0.78,0.78,
2025-08-12 23:30:00,trend_up,4490.28,non_compression_regime,,,,0.78,ge_0.78,0.78,
2025-08-13 00:30:00,trend_up,4516.97,non_compression_regime,,,,0.78,ge_0.78,0.78,
2025-08-13 02:30:00,trend_up,4586.48,non_compression_regime,,,,0.78,ge_0.78,0.78,
2025-08-13 03:30:00,trend_up,4576.4,non_compression_regime,,,,0.78,ge_0.78,0.78,
2025-08-13 04:30:00,trend_up,4590.52,non_compression_regime,,,,0.78,ge_0.78,0.78,
2025-08-13 06:30:00,trend_up,4585.23,non_compression_regime,,,,0.78,ge_0.78,0.78,
2025-08-13 07:30:00,trend_up,4623.52,non_compression_regime,,,,0.78,ge_0.78,0.78,
2025-08-13 19:30:00,range,4648.35,non_compression_regime,,,,0.78,ge_0.78,0.78,
2025-08-13 20:30:00,range,4664.38,non_compression_regime,,,,0.78,ge_0.78,0.78,
2025-08-13 21:30:00,range,4700.53,non_compression_regime,,,,0.78,ge_0.78,0.78,
2025-08-13 23:30:00,range,4716.43,non_compression_regime,,,,0.78,ge_0.78,0.78,
2025-08-14 01:30:00,range,4717.58,non_compression_regime,,,,0.78,ge_0.78,0.78,
2025-08-14 02:30:00,range,4721.16,non_compression_regime,,,,0.78,ge_0.78,0.78,
2025-08-14 03:30:00,high_volatility,4734.31,non_compression_regime,,,,0.78,ge_0.78,0.78,
2025-08-14 05:30:00,high_volatility,4716.47,non_compression_regime,,,,0.78,ge_0.78,0.78,
2025-08-14 10:30:00,range,4731.74,non_compression_regime,,,,0.78,ge_0.78,0.78,
2025-08-14 13:30:00,range,4726.72,non_compression_regime,,,,0.78,ge_0.78,0.78,
2025-08-14 17:30:00,high_volatility,4567.33,non_compression_regime,,,,0.78,ge_0.78,0.78,
2025-08-14 18:30:00,trend_down,4612.7,non_compression_regime,,,,0.78,ge_0.78,0.78,
2025-08-15 02:30:00,trend_down,4477.9,non_compression_regime,,,,0.78,ge_0.78,0.78,
2025-08-15 03:30:00,trend_down,4531.62,non_compression_regime,,,,0.78,ge_0.78,0.78,
2025-08-15 04:30:00,trend_down,4546.84,non_compression_regime,,,,0.78,ge_0.78,0.78,
2025-08-15 05:30:00,trend_down,4562.98,non_compression_regime,,,,0.78,ge_0.78,0.78,
2025-08-15 06:30:00,trend_down,4604.02,non_compression_regime,,,,0.78,ge_0.78,0.78,
2025-08-15 23:30:00,trend_down,4396.54,non_compression_regime,,,,0.78,ge_0.78,0.78,
2025-08-16 00:30:00,trend_down,4383.45,non_compression_regime,,,,0.78,ge_0.78,0.78,
2025-08-16 01:30:00,trend_down,4425.99,non_compression_regime,,,,0.78,ge_0.78,0.78,
2025-08-16 02:30:00,trend_down,4428.83,non_compression_regime,,,,0.78,ge_0.78,0.78,
2025-08-16 04:30:00,trend_down,4439.47,non_compression_regime,,,,0.78,ge_0.78,0.78,
2025-08-16 11:30:00,range,4419.15,non_compression_regime,,,,0.78,ge_0.78,0.78,
2025-08-16 20:30:00,range,4400.42,non_compression_regime,,,,0.78,ge_0.78,0.78,
2025-08-16 22:30:00,range,4404.35,non_compression_regime,,,,0.78,ge_0.78,0.78,
2025-08-17 02:30:00,range,4408.37,non_compression_regime,,,,0.78,ge_0.78,0.78,
2025-08-17 08:30:00,compression,4452.77,outside_band_or_negative_prediction,6.410317170070893e-05,0.0,1.0,0.78,ge_0.78,0.78,
2025-08-17 11:30:00,range,4457.12,non_compression_regime,,,,0.78,ge_0.78,0.78,
2025-08-17 12:30:00,range,4467.12,non_compression_regime,,,,0.78,ge_0.78,0.78,
2025-08-17 13:30:00,trend_up,4535.51,non_compression_regime,,,,0.78,ge_0.78,0.78,
2025-08-17 23:30:00,range,4469.0,non_compression_regime,,,,0.78,ge_0.78,0.78,
2025-08-18 00:30:00,range,4459.56,non_compression_regime,,,,0.78,ge_0.78,0.78,
2025-08-18 01:30:00,range,4467.43,non_compression_regime,,,,0.78,ge_0.78,0.78,
2025-08-18 11:30:00,trend_down,4253.15,non_compression_regime,,,,0.78,ge_0.78,0.78,
2025-08-18 12:30:00,trend_down,4257.47,non_compression_regime,,,,0.78,ge_0.78,0.78,
2025-08-18 13:30:00,trend_down,4259.11,non_compression_regime,,,,0.78,ge_0.78,0.78,
2025-08-18 15:30:00,trend_down,4264.29,non_compression_regime,,,,0.78,ge_0.78,0.78,
2025-08-18 16:30:00,trend_down,4274.37,non_compression_regime,,,,0.78,ge_0.78,0.78,
2025-08-18 18:30:00,trend_down,4286.13,non_compression_regime,,,,0.78,ge_0.78,0.78,
2025-08-18 19:30:00,trend_down,4333.54,non_compression_regime,,,,0.78,ge_0.78,0.78,
2025-08-18 21:30:00,high_volatility,4320.36,non_compression_regime,,,,0.78,ge_0.78,0.78,
2025-08-19 08:30:00,high_volatility,4218.66,non_compression_regime,,,,0.78,ge_0.78,0.78,
2025-08-19 09:30:00,high_volatility,4234.77,non_compression_regime,,,,0.78,ge_0.78,0.78,
2025-08-19 11:30:00,range,4241.78,non_compression_regime,,,,0.78,ge_0.78,0.78,
2025-08-19 12:30:00,range,4234.36,non_compression_regime,,,,0.78,ge_0.78,0.78,
2025-08-19 13:30:00,range,4255.9,non_compression_regime,,,,0.78,ge_0.78,0.78,
2025-08-19 14:30:00,range,4280.78,non_compression_regime,,,,0.78,ge_0.78,0.78,
2025-08-19 21:30:00,high_volatility,4142.45,non_compression_regime,,,,0.78,ge_0.78,0.78,
2025-08-20 04:30:00,high_volatility,4075.59,non_compression_regime,,,,0.78,ge_0.78,0.78,
2025-08-20 05:30:00,high_volatility,4104.95,non_compression_regime,,,,0.78,ge_0.78,0.78,
2025-08-20 06:30:00,high_volatility,4109.94,non_compression_regime,,,,0.78,ge_0.78,0.78,
2025-08-20 09:30:00,range,4169.96,non_compression_regime,,,,0.78,ge_0.78,0.78,
2025-08-20 10:30:00,range,4183.26,non_compression_regime,,,,0.78,ge_0.78,0.78,
2025-08-20 11:30:00,range,4182.21,non_compression_regime,,,,0.78,ge_0.78,0.78,
2025-08-20 12:30:00,range,4185.22,non_compression_regime,,,,0.78,ge_0.78,0.78,
2025-08-20 18:30:00,range,4135.78,non_compression_regime,,,,0.78,ge_0.78,0.78,
2025-08-20 19:30:00,range,4213.4,non_compression_regime,,,,0.78,ge_0.78,0.78,
2025-08-20 20:30:00,trend_up,4255.9,non_compression_regime,,,,0.78,ge_0.78,0.78,
2025-08-20 21:30:00,trend_up,4301.88,non_compression_regime,,,,0.78,ge_0.78,0.78,
2025-08-20 23:30:00,trend_up,4291.67,non_compression_regime,,,,0.78,ge_0.78,0.78,
2025-08-21 21:30:00,range,4221.97,non_compression_regime,,,,0.78,ge_0.78,0.78,
2025-08-22 00:30:00,trend_down,4224.1,non_compression_regime,,,,0.78,ge_0.78,0.78,
2025-08-22 04:30:00,range,4225.3,non_compression_regime,,,,0.78,ge_0.78,0.78,
2025-08-22 05:30:00,range,4245.61,non_compression_regime,,,,0.78,ge_0.78,0.78,
2025-08-22 06:30:00,range,4257.29,non_compression_regime,,,,0.78,ge_0.78,0.78,
2025-08-22 07:30:00,range,4290.84,non_compression_regime,,,,0.78,ge_0.78,0.78,
2025-08-22 11:30:00,range,4294.72,non_compression_regime,,,,0.78,ge_0.78,0.78,
2025-08-22 17:30:00,range,4244.92,non_compression_regime,,,,0.78,ge_0.78,0.78,
2025-08-22 18:30:00,range,4290.47,non_compression_regime,,,,0.78,ge_0.78,0.78,
2025-08-22 19:30:00,trend_up,4613.93,non_compression_regime,,,,0.78,ge_0.78,0.78,
2025-08-22 20:30:00,trend_up,4616.08,non_compression_regime,,,,0.78,ge_0.78,0.78,
2025-08-22 21:30:00,trend_up,4745.96,non_compression_regime,,,,0.78,ge_0.78,0.78,
2025-08-22 22:30:00,trend_up,4799.5,non_compression_regime,,,,0.78,ge_0.78,0.78,
2025-08-22 23:30:00,trend_up,4789.63,non_compression_regime,,,,0.78,ge_0.78,0.78,
2025-08-23 08:30:00,trend_up,4694.64,non_compression_regime,,,,0.78,ge_0.78,0.78,
2025-08-23 15:30:00,range,4712.67,non_compression_regime,,,,0.78,ge_0.78,0.78,
2025-08-23 18:30:00,range,4718.45,non_compression_regime,,,,0.78,ge_0.78,0.78,
2025-08-23 19:30:00,range,4726.56,non_compression_regime,,,,0.78,ge_0.78,0.78,
2025-08-23 21:30:00,range,4742.86,non_compression_regime,,,,0.78,ge_0.78,0.78,
2025-08-23 22:30:00,range,4749.79,non_compression_regime,,,,0.78,ge_0.78,0.78,
2025-08-23 23:30:00,range,4753.21,non_compression_regime,,,,0.78,ge_0.78,0.78,
2025-08-25 05:30:00,high_volatility,4701.04,non_compression_regime,,,,0.78,ge_0.78,0.78,
2025-08-25 15:30:00,trend_down,4544.21,non_compression_regime,,,,0.78,ge_0.78,0.78,
2025-08-25 16:30:00,trend_down,4600.08,non_compression_regime,,,,0.78,ge_0.78,0.78,
2025-08-25 18:30:00,trend_down,4630.29,non_compression_regime,,,,0.78,ge_0.78,0.78,
2025-08-26 01:30:00,trend_down,4352.13,non_compression_regime,,,,0.78,ge_0.78,0.78,
2025-08-26 02:30:00,trend_down,4350.81,non_compression_regime,,,,0.78,ge_0.78,0.78,
2025-08-26 05:30:00,trend_down,4331.63,non_compression_regime,,,,0.78,ge_0.78,0.78,
2025-08-26 07:30:00,trend_down,4396.53,non_compression_regime,,,,0.78,ge_0.78,0.78,
2025-08-26 16:30:00,range,4427.24,non_compression_regime,,,,0.78,ge_0.78,0.78,
2025-08-26 17:30:00,high_volatility,4497.24,non_compression_regime,,,,0.78,ge_0.78,0.78,
2025-08-26 18:30:00,high_volatility,4480.28,non_compression_regime,,,,0.78,ge_0.78,0.78,
2025-08-26 20:30:00,trend_up,4519.02,non_compression_regime,,,,0.78,ge_0.78,0.78,
2025-08-26 22:30:00,trend_up,4522.51,non_compression_regime,,,,0.78,ge_0.78,0.78,
2025-08-26 23:30:00,trend_up,4548.02,non_compression_regime,,,,0.78,ge_0.78,0.78,
2025-08-27 05:30:00,trend_up,4570.17,non_compression_regime,,,,0.78,ge_0.78,0.78,
2025-08-27 06:30:00,trend_up,4562.82,non_compression_regime,,,,0.78,ge_0.78,0.78,
2025-08-27 07:30:00,trend_up,4577.35,non_compression_regime,,,,0.78,ge_0.78,0.78,
2025-08-27 11:30:00,trend_up,4586.91,non_compression_regime,,,,0.78,ge_0.78,0.78,
2025-08-27 12:30:00,trend_up,4580.45,non_compression_regime,,,,0.78,ge_0.78,0.78,
2025-08-27 14:30:00,range,4588.31,non_compression_regime,,,,0.78,ge_0.78,0.78,
2025-08-27 15:30:00,range,4581.37,non_compression_regime,,,,0.78,ge_0.78,0.78,
2025-08-27 16:30:00,range,4608.87,non_compression_regime,,,,0.78,ge_0.78,0.78,
2025-08-27 19:30:00,range,4613.38,non_compression_regime,,,,0.78,ge_0.78,0.78,
2025-08-28 04:30:00,trend_down,4506.71,non_compression_regime,,,,0.78,ge_0.78,0.78,
2025-08-28 05:30:00,trend_down,4493.67,non_compression_regime,,,,0.78,ge_0.78,0.78,
2025-08-28 06:30:00,trend_down,4516.46,non_compression_regime,,,,0.78,ge_0.78,0.78,
2025-08-28 07:30:00,trend_down,4512.24,non_compression_regime,,,,0.78,ge_0.78,0.78,
2025-08-28 08:30:00,trend_down,4541.63,non_compression_regime,,,,0.78,ge_0.78,0.78,
2025-08-28 09:30:00,trend_down,4571.1,non_compression_regime,,,,0.78,ge_0.78,0.78,
2025-08-28 10:30:00,range,4570.84,non_compression_regime,,,,0.78,ge_0.78,0.78,
2025-08-29 00:30:00,range,4438.46,non_compression_regime,,,,0.78,ge_0.78,0.78,
2025-08-29 01:30:00,trend_down,4458.69,non_compression_regime,,,,0.78,ge_0.78,0.78,
2025-08-29 06:30:00,trend_down,4456.5,non_compression_regime,,,,0.78,ge_0.78,0.78,
2025-08-29 13:30:00,trend_down,4334.51,non_compression_regime,,,,0.78,ge_0.78,0.78,
2025-08-29 14:30:00,trend_down,4337.61,non_compression_regime,,,,0.78,ge_0.78,0.78,
2025-08-29 15:30:00,trend_down,4346.46,non_compression_regime,,,,0.78,ge_0.78,0.78,
2025-08-29 16:30:00,trend_down,4346.48,non_compression_regime,,,,0.78,ge_0.78,0.78,
2025-08-29 19:30:00,high_volatility,4282.49,non_compression_regime,,,,0.78,ge_0.78,0.78,
2025-08-29 20:30:00,high_volatility,4316.09,non_compression_regime,,,,0.78,ge_0.78,0.78,
2025-08-29 22:30:00,high_volatility,4332.92,non_compression_regime,,,,0.78,ge_0.78,0.78,
2025-08-30 06:30:00,high_volatility,4265.09,non_compression_regime,,,,0.78,ge_0.78,0.78,
2025-08-30 09:30:00,range,4352.59,non_compression_regime,,,,0.78,ge_0.78,0.78,
2025-08-31 07:30:00,range,4449.49,non_compression_regime,,,,0.78,ge_0.78,0.78,
2025-08-31 11:30:00,trend_up,4434.6,non_compression_regime,,,,0.78,ge_0.78,0.78,
2025-08-31 12:30:00,trend_up,4450.84,non_compression_regime,,,,0.78,ge_0.78,0.78,
2025-08-31 15:30:00,trend_up,4454.97,non_compression_regime,,,,0.78,ge_0.78,0.78,
2025-08-31 19:30:00,range,4459.81,non_compression_regime,,,,0.78,ge_0.78,0.78,
2025-09-01 07:30:00,range,4387.59,non_compression_regime,,,,0.78,ge_0.78,0.78,
2025-09-01 09:30:00,range,4385.65,non_compression_regime,,,,0.78,ge_0.78,0.78,
2025-09-01 10:30:00,trend_down,4395.01,non_compression_regime,,,,0.78,ge_0.78,0.78,
2025-09-01 11:30:00,trend_down,4397.59,non_compression_regime,,,,0.78,ge_0.78,0.78,
2025-09-01 22:30:00,range,4323.16,non_compression_regime,,,,0.78,ge_0.78,0.78,
2025-09-02 02:30:00,trend_down,4261.62,non_compression_regime,,,,0.78,ge_0.78,0.78,
2025-09-02 03:30:00,trend_down,4284.56,non_compression_regime,,,,0.78,ge_0.78,0.78,
2025-09-02 04:30:00,trend_down,4314.5,non_compression_regime,,,,0.78,ge_0.78,0.78,
2025-09-02 05:30:00,trend_down,4303.86,non_compression_regime,,,,0.78,ge_0.78,0.78,
2025-09-02 06:30:00,trend_down,4323.24,non_compression_regime,,,,0.78,ge_0.78,0.78,
2025-09-02 07:30:00,trend_down,4360.95,non_compression_regime,,,,0.78,ge_0.78,0.78,
2025-09-02 08:30:00,trend_down,4367.11,non_compression_regime,,,,0.78,ge_0.78,0.78,
2025-09-02 10:30:00,range,4385.06,non_compression_regime,,,,0.78,ge_0.78,0.78,
2025-09-02 17:30:00,range,4277.07,non_compression_regime,,,,0.78,ge_0.78,0.78,
2025-09-03 17:30:00,range,4353.96,non_compression_regime,,,,0.78,ge_0.78,0.78,
2025-09-03 18:30:00,range,4419.29,non_compression_regime,,,,0.78,ge_0.78,0.78,
2025-09-04 12:30:00,range,4371.04,non_compression_regime,,,,0.78,ge_0.78,0.78,
2025-09-04 13:30:00,range,4369.82,non_compression_regime,,,,0.78,ge_0.78,0.78,
2025-09-04 23:30:00,trend_down,4274.03,non_compression_regime,,,,0.78,ge_0.78,0.78,
2025-09-05 00:30:00,trend_down,4275.92,non_compression_regime,,,,0.78,ge_0.78,0.78,
2025-09-05 01:30:00,trend_down,4306.04,non_compression_regime,,,,0.78,ge_0.78,0.78,
2025-09-05 04:30:00,trend_down,4297.55,non_compression_regime,,,,0.78,ge_0.78,0.78,
2025-09-05 05:30:00,trend_down,4301.31,non_compression_regime,,,,0.78,ge_0.78,0.78,
2025-09-05 06:30:00,range,4326.19,non_compression_regime,,,,0.78,ge_0.78,0.78,
2025-09-05 07:30:00,range,4324.4,non_compression_regime,,,,0.78,ge_0.78,0.78,
2025-09-05 08:30:00,range,4328.88,non_compression_regime,,,,0.78,ge_0.78,0.78,
2025-09-05 09:30:00,range,4330.53,non_compression_regime,,,,0.78,ge_0.78,0.78,
2025-09-05 10:30:00,range,4338.14,non_compression_regime,,,,0.78,ge_0.78,0.78,
2025-09-05 13:30:00,range,4406.33,non_compression_regime,,,,0.78,ge_0.78,0.78,
2025-09-05 14:30:00,range,4397.4,non_compression_regime,,,,0.78,ge_0.78,0.78,
2025-09-05 15:30:00,range,4409.99,non_compression_regime,,,,0.78,ge_0.78,0.78,
2025-09-05 16:30:00,trend_up,4417.39,non_compression_regime,,,,0.78,ge_0.78,0.78,
2025-09-05 19:30:00,range,4273.62,non_compression_regime,,,,0.78,ge_0.78,0.78,
2025-09-05 20:30:00,range,4283.39,non_compression_regime,,,,0.78,ge_0.78,0.78,
2025-09-05 21:30:00,range,4297.81,non_compression_regime,,,,0.78,ge_0.78,0.78,
2025-09-06 02:30:00,range,4296.91,non_compression_regime,,,,0.78,ge_0.78,0.78,
2025-09-06 20:30:00,compression,4270.24,outside_band_or_negative_prediction,0.01519946391826876,0.0,0.0,0.78,ge_0.78,0.78,
2025-09-06 21:30:00,compression,4289.97,outside_band_or_negative_prediction,0.05239344855988587,0.0,0.0,0.78,ge_0.78,0.78,
2025-09-07 00:30:00,compression,4255.48,outside_band_or_negative_prediction,0.04549852459072785,0.0,1.0,0.78,ge_0.78,0.78,
2025-09-07 02:30:00,compression,4283.31,outside_band_or_negative_prediction,0.7666973807922485,1.0,0.0,0.78,ge_0.78,0.78,
2025-09-08 18:30:00,compression,4320.12,outside_band_or_negative_prediction,0.02068252640430651,0.0,1.0,0.78,ge_0.78,0.78,
2025-09-08 19:30:00,compression,4350.72,outside_band_or_negative_prediction,0.00256602888400798,0.0,0.0,0.78,ge_0.78,0.78,
2025-09-09 00:30:00,range,4293.0,non_compression_regime,,,,0.78,ge_0.78,0.78,
2025-09-10 06:30:00,range,4302.78,non_compression_regime,,,,0.78,ge_0.78,0.78,
2025-09-10 13:30:00,compression,4332.41,outside_band_or_negative_prediction,0.024779313216372906,0.0,1.0,0.78,ge_0.78,0.78,
2025-09-10 17:30:00,compression,4370.99,outside_band_or_negative_prediction,8.638400616706803e-05,0.0,1.0,0.78,ge_0.78,0.78,
2025-09-11 00:30:00,range,4322.72,non_compression_regime,,,,0.78,ge_0.78,0.78,
2025-09-11 01:30:00,range,4329.92,non_compression_regime,,,,0.78,ge_0.78,0.78,
2025-09-11 02:30:00,range,4349.93,non_compression_regime,,,,0.78,ge_0.78,0.78,
2025-09-11 09:30:00,range,4411.32,non_compression_regime,,,,0.78,ge_0.78,0.78,
2025-09-11 21:30:00,range,4417.9,non_compression_regime,,,,0.78,ge_0.78,0.78,
2025-09-11 23:30:00,range,4420.31,non_compression_regime,,,,0.78,ge_0.78,0.78,
2025-09-12 00:30:00,range,4423.73,non_compression_regime,,,,0.78,ge_0.78,0.78,
2025-09-12 01:30:00,range,4417.28,non_compression_regime,,,,0.78,ge_0.78,0.78,
2025-09-12 04:30:00,range,4458.82,non_compression_regime,,,,0.78,ge_0.78,0.78,
2025-09-12 05:30:00,range,4512.07,non_compression_regime,,,,0.78,ge_0.78,0.78,
2025-09-12 06:30:00,range,4497.61,non_compression_regime,,,,0.78,ge_0.78,0.78,
2025-09-12 07:30:00,range,4507.51,non_compression_regime,,,,0.78,ge_0.78,0.78,
2025-09-12 08:30:00,range,4505.55,non_compression_regime,,,,0.78,ge_0.78,0.78,
2025-09-12 09:30:00,range,4521.36,non_compression_regime,,,,0.78,ge_0.78,0.78,
2025-09-12 13:30:00,range,4517.9,non_compression_regime,,,,0.78,ge_0.78,0.78,
2025-09-12 14:30:00,range,4515.12,non_compression_regime,,,,0.78,ge_0.78,0.78,
2025-09-12 15:30:00,range,4516.69,non_compression_regime,,,,0.78,ge_0.78,0.78,
2025-09-12 16:30:00,range,4520.76,non_compression_regime,,,,0.78,ge_0.78,0.78,
2025-09-12 17:30:00,range,4526.63,non_compression_regime,,,,0.78,ge_0.78,0.78,
2025-09-12 18:30:00,range,4539.64,non_compression_regime,,,,0.78,ge_0.78,0.78,
2025-09-12 19:30:00,range,4547.02,non_compression_regime,,,,0.78,ge_0.78,0.78,
2025-09-12 20:30:00,range,4541.98,non_compression_regime,,,,0.78,ge_0.78,0.78,
2025-09-12 21:30:00,range,4575.8,non_compression_regime,,,,0.78,ge_0.78,0.78,
2025-09-12 22:30:00,range,4613.05,non_compression_regime,,,,0.78,ge_0.78,0.78,
2025-09-12 23:30:00,range,4624.61,non_compression_regime,,,,0.78,ge_0.78,0.78,
2025-09-13 00:30:00,range,4657.18,non_compression_regime,,,,0.78,ge_0.78,0.78,
2025-09-13 02:30:00,range,4649.8,non_compression_regime,,,,0.78,ge_0.78,0.78,
2025-09-13 03:30:00,range,4695.16,non_compression_regime,,,,0.78,ge_0.78,0.78,
2025-09-13 04:30:00,range,4712.16,non_compression_regime,,,,0.78,ge_0.78,0.78,
2025-09-13 05:30:00,range,4704.71,non_compression_regime,,,,0.78,ge_0.78,0.78,
2025-09-13 06:30:00,range,4700.49,non_compression_regime,,,,0.78,ge_0.78,0.78,
2025-09-13 07:30:00,range,4702.71,non_compression_regime,,,,0.78,ge_0.78,0.78,
2025-09-13 22:30:00,range,4634.09,non_compression_regime,,,,0.78,ge_0.78,0.78,
2025-09-14 00:30:00,range,4638.21,non_compression_regime,,,,0.78,ge_0.78,0.78,
2025-09-14 17:30:00,compression,4632.34,outside_band_or_negative_prediction,0.1372224892665222,0.0,0.0,0.78,ge_0.78,0.78,
2025-09-14 18:30:00,compression,4612.8,outside_band_or_negative_prediction,0.005612036481294404,0.0,0.0,0.78,ge_0.78,0.78,
2025-09-14 20:30:00,range,4582.22,non_compression_regime,,,,0.78,ge_0.78,0.78,
2025-09-14 21:30:00,range,4596.83,non_compression_regime,,,,0.78,ge_0.78,0.78,
2025-09-15 04:30:00,range,4604.49,non_compression_regime,,,,0.78,ge_0.78,0.78,
2025-09-15 05:30:00,range,4601.68,non_compression_regime,,,,0.78,ge_0.78,0.78,
2025-09-15 06:30:00,range,4618.15,non_compression_regime,,,,0.78,ge_0.78,0.78,
2025-09-15 21:30:00,trend_down,4494.82,non_compression_regime,,,,0.78,ge_0.78,0.78,
2025-09-16 00:30:00,range,4493.41,non_compression_regime,,,,0.78,ge_0.78,0.78,
2025-09-16 18:30:00,compression,4473.58,outside_band_or_negative_prediction,0.01487347295570946,0.0,0.0,0.78,ge_0.78,0.78,
2025-09-16 19:30:00,range,4446.71,non_compression_regime,,,,0.78,ge_0.78,0.78,
2025-09-16 20:30:00,range,4468.2,non_compression_regime,,,,0.78,ge_0.78,0.78,
2025-09-16 21:30:00,range,4463.54,non_compression_regime,,,,0.78,ge_0.78,0.78,
2025-09-16 22:30:00,range,4486.62,non_compression_regime,,,,0.78,ge_0.78,0.78,
2025-09-16 23:30:00,range,4474.63,non_compression_regime,,,,0.78,ge_0.78,0.78,
2025-09-17 00:30:00,range,4491.21,non_compression_regime,,,,0.78,ge_0.78,0.78,
2025-09-17 01:30:00,range,4498.23,non_compression_regime,,,,0.78,ge_0.78,0.78,
2025-09-17 22:30:00,range,4433.77,non_compression_regime,,,,0.78,ge_0.78,0.78,
2025-09-17 23:30:00,range,4456.17,non_compression_regime,,,,0.78,ge_0.78,0.78,
2025-09-18 00:30:00,range,4517.62,non_compression_regime,,,,0.78,ge_0.78,0.78,
2025-09-18 01:30:00,range,4501.52,non_compression_regime,,,,0.78,ge_0.78,0.78,
2025-09-18 02:30:00,range,4529.18,non_compression_regime,,,,0.78,ge_0.78,0.78,
2025-09-18 05:30:00,range,4584.79,non_compression_regime,,,,0.78,ge_0.78,0.78,
2025-09-18 11:30:00,trend_up,4571.37,non_compression_regime,,,,0.78,ge_0.78,0.78,
2025-09-18 12:30:00,trend_up,4574.75,non_compression_regime,,,,0.78,ge_0.78,0.78,
2025-09-18 15:30:00,range,4574.28,non_compression_regime,,,,0.78,ge_0.78,0.78,
2025-09-18 16:30:00,range,4576.12,non_compression_regime,,,,0.78,ge_0.78,0.78,
2025-09-18 17:30:00,range,4571.04,non_compression_regime,,,,0.78,ge_0.78,0.78,
2025-09-18 18:30:00,range,4588.5,non_compression_regime,,,,0.78,ge_0.78,0.78,
2025-09-20 00:30:00,trend_down,4440.68,non_compression_regime,,,,0.78,ge_0.78,0.78,
2025-09-20 19:30:00,compression,4487.18,outside_band_or_negative_prediction,0.04596118211841601,0.0,0.0,0.78,ge_0.78,0.78,
2025-09-20 20:30:00,compression,4498.2,outside_band_or_negative_prediction,0.0030360875898336023,0.0,0.0,0.78,ge_0.78,0.78,
2025-09-20 22:30:00,compression,4486.09,outside_band_or_negative_prediction,0.6113878958469988,1.0,0.0,0.78,ge_0.78,0.78,
2025-09-20 23:30:00,compression,4475.22,outside_band_or_negative_prediction,0.26922206292801293,0.0,0.0,0.78,ge_0.78,0.78,
2025-09-21 07:30:00,compression,4478.57,outside_band_or_negative_prediction,0.5945930094621025,1.0,0.0,0.78,ge_0.78,0.78,
2025-09-21 14:30:00,compression,4465.95,outside_band_or_negative_prediction,0.6391850039282733,1.0,0.0,0.78,ge_0.78,0.78,
2025-09-22 16:30:00,trend_down,4181.62,non_compression_regime,,,,0.78,ge_0.78,0.78,
2025-09-24 00:30:00,range,4153.43,non_compression_regime,,,,0.78,ge_0.78,0.78,
2025-09-24 04:30:00,range,4164.26,non_compression_regime,,,,0.78,ge_0.78,0.78,
2025-09-25 11:30:00,trend_down,3997.75,non_compression_regime,,,,0.78,ge_0.78,0.78,
2025-09-25 17:30:00,trend_down,3978.51,non_compression_regime,,,,0.78,ge_0.78,0.78,
2025-09-25 18:30:00,trend_down,3970.57,non_compression_regime,,,,0.78,ge_0.78,0.78,
2025-09-25 22:30:00,trend_down,3838.77,non_compression_regime,,,,0.78,ge_0.78,0.78,
2025-09-26 04:30:00,high_volatility,3874.36,non_compression_regime,,,,0.78,ge_0.78,0.78,
2025-09-26 05:30:00,high_volatility,3931.52,non_compression_regime,,,,0.78,ge_0.78,0.78,
2025-09-26 16:30:00,range,3906.0,non_compression_regime,,,,0.78,ge_0.78,0.78,
2025-09-26 21:30:00,range,3990.81,non_compression_regime,,,,0.78,ge_0.78,0.78,
2025-09-27 13:30:00,range,3985.87,non_compression_regime,,,,0.78,ge_0.78,0.78,
2025-09-27 14:30:00,range,3995.24,non_compression_regime,,,,0.78,ge_0.78,0.78,
2025-09-29 17:30:00,range,4098.03,non_compression_regime,,,,0.78,ge_0.78,0.78,
2025-09-29 21:30:00,range,4142.6,non_compression_regime,,,,0.78,ge_0.78,0.78,
2025-09-29 22:30:00,range,4155.53,non_compression_regime,,,,0.78,ge_0.78,0.78,
2025-09-29 23:30:00,range,4162.29,non_compression_regime,,,,0.78,ge_0.78,0.78,
2025-09-30 00:30:00,range,4188.32,non_compression_regime,,,,0.78,ge_0.78,0.78,
2025-09-30 21:30:00,range,4099.11,non_compression_regime,,,,0.78,ge_0.78,0.78,
2025-09-30 22:30:00,range,4100.73,non_compression_regime,,,,0.78,ge_0.78,0.78,
2025-09-30 23:30:00,trend_down,4116.53,non_compression_regime,,,,0.78,ge_0.78,0.78,
2025-10-01 00:30:00,trend_down,4160.1,non_compression_regime,,,,0.78,ge_0.78,0.78,
2025-10-01 03:30:00,range,4140.43,non_compression_regime,,,,0.78,ge_0.78,0.78,
2025-10-01 04:30:00,range,4145.15,non_compression_regime,,,,0.78,ge_0.78,0.78,
2025-10-01 15:30:00,trend_up,4282.62,non_compression_regime,,,,0.78,ge_0.78,0.78,
2025-10-01 16:30:00,trend_up,4298.2,non_compression_regime,,,,0.78,ge_0.78,0.78,
2025-10-01 17:30:00,trend_up,4284.39,non_compression_regime,,,,0.78,ge_0.78,0.78,
2025-10-01 18:30:00,trend_up,4295.26,non_compression_regime,,,,0.78,ge_0.78,0.78,
2025-10-01 22:30:00,trend_up,4293.11,non_compression_regime,,,,0.78,ge_0.78,0.78,
2025-10-01 23:30:00,trend_up,4308.35,non_compression_regime,,,,0.78,ge_0.78,0.78,
2025-10-02 02:30:00,trend_up,4304.79,non_compression_regime,,,,0.78,ge_0.78,0.78,
2025-10-02 03:30:00,trend_up,4312.96,non_compression_regime,,,,0.78,ge_0.78,0.78,
2025-10-02 04:30:00,range,4348.03,non_compression_regime,,,,0.78,ge_0.78,0.78,
2025-10-02 05:30:00,range,4335.15,non_compression_regime,,,,0.78,ge_0.78,0.78,
2025-10-02 08:30:00,range,4376.3,non_compression_regime,,,,0.78,ge_0.78,0.78,
2025-10-02 09:30:00,range,4371.99,non_compression_regime,,,,0.78,ge_0.78,0.78,
2025-10-02 12:30:00,range,4375.78,non_compression_regime,,,,0.78,ge_0.78,0.78,
2025-10-02 13:30:00,range,4387.63,non_compression_regime,,,,0.78,ge_0.78,0.78,
2025-10-02 14:30:00,range,4391.59,non_compression_regime,,,,0.78,ge_0.78,0.78,
2025-10-02 15:30:00,range,4379.82,non_compression_regime,,,,0.78,ge_0.78,0.78,
2025-10-02 16:30:00,range,4378.93,non_compression_regime,,,,0.78,ge_0.78,0.78,
2025-10-02 19:30:00,range,4374.42,non_compression_regime,,,,0.78,ge_0.78,0.78,
2025-10-02 20:30:00,range,4437.09,non_compression_regime,,,,0.78,ge_0.78,0.78,
2025-10-02 21:30:00,range,4448.4,non_compression_regime,,,,0.78,ge_0.78,0.78,
2025-10-02 22:30:00,range,4466.31,non_compression_regime,,,,0.78,ge_0.78,0.78,
2025-10-03 02:30:00,range,4468.71,non_compression_regime,,,,0.78,ge_0.78,0.78,
2025-10-03 03:30:00,range,4464.13,non_compression_regime,,,,0.78,ge_0.78,0.78,
2025-10-03 05:30:00,range,4468.41,non_compression_regime,,,,0.78,ge_0.78,0.78,
2025-10-03 06:30:00,range,4471.92,non_compression_regime,,,,0.78,ge_0.78,0.78,
2025-10-03 12:30:00,range,4462.33,non_compression_regime,,,,0.78,ge_0.78,0.78,
2025-10-03 14:30:00,range,4473.26,non_compression_regime,,,,0.78,ge_0.78,0.78,
2025-10-04 06:30:00,range,4479.67,non_compression_regime,,,,0.78,ge_0.78,0.78,
2025-10-04 20:30:00,compression,4455.05,outside_band_or_negative_prediction,0.004271838332523425,0.0,1.0,0.78,ge_0.78,0.78,
2025-10-05 07:30:00,compression,4548.9,outside_band_or_negative_prediction,0.0003957273406107805,0.0,1.0,0.78,ge_0.78,0.78,
2025-10-05 09:30:00,range,4574.62,non_compression_regime,,,,0.78,ge_0.78,0.78,
2025-10-05 10:30:00,range,4569.23,non_compression_regime,,,,0.78,ge_0.78,0.78,
2025-10-05 11:30:00,range,4559.66,non_compression_regime,,,,0.78,ge_0.78,0.78,
2025-10-06 01:30:00,range,4498.57,non_compression_regime,,,,0.78,ge_0.78,0.78,
2025-10-06 02:30:00,range,4505.42,non_compression_regime,,,,0.78,ge_0.78,0.78,
2025-10-06 05:30:00,range,4499.29,non_compression_regime,,,,0.78,ge_0.78,0.78,
2025-10-06 06:30:00,range,4527.87,non_compression_regime,,,,0.78,ge_0.78,0.78,
2025-10-06 08:30:00,range,4537.08,non_compression_regime,,,,0.78,ge_0.78,0.78,
2025-10-06 14:30:00,range,4573.0,non_compression_regime,,,,0.78,ge_0.78,0.78,
2025-10-06 15:30:00,range,4573.2,non_compression_regime,,,,0.78,ge_0.78,0.78,
2025-10-06 16:30:00,range,4571.71,non_compression_regime,,,,0.78,ge_0.78,0.78,
2025-10-06 17:30:00,range,4581.29,non_compression_regime,,,,0.78,ge_0.78,0.78,
2025-10-06 18:30:00,range,4637.87,non_compression_regime,,,,0.78,ge_0.78,0.78,
2025-10-06 19:30:00,trend_up,4638.51,non_compression_regime,,,,0.78,ge_0.78,0.78,
2025-10-06 20:30:00,trend_up,4673.39,non_compression_regime,,,,0.78,ge_0.78,0.78,
2025-10-06 21:30:00,trend_up,4678.18,non_compression_regime,,,,0.78,ge_0.78,0.78,
2025-10-07 04:30:00,trend_up,4684.01,non_compression_regime,,,,0.78,ge_0.78,0.78,
2025-10-07 05:30:00,trend_up,4680.03,non_compression_regime,,,,0.78,ge_0.78,0.78,
2025-10-07 06:30:00,range,4675.25,non_compression_regime,,,,0.78,ge_0.78,0.78,
2025-10-07 11:30:00,range,4669.39,non_compression_regime,,,,0.78,ge_0.78,0.78,
2025-10-07 12:30:00,range,4678.19,non_compression_regime,,,,0.78,ge_0.78,0.78,
2025-10-07 13:30:00,range,4670.36,non_compression_regime,,,,0.78,ge_0.78,0.78,
2025-10-07 14:30:00,range,4680.14,non_compression_regime,,,,0.78,ge_0.78,0.78,
2025-10-07 22:30:00,trend_down,4475.31,non_compression_regime,,,,0.78,ge_0.78,0.78,
2025-10-07 23:30:00,trend_down,4464.91,non_compression_regime,,,,0.78,ge_0.78,0.78,
2025-10-08 00:30:00,trend_down,4479.44,non_compression_regime,,,,0.78,ge_0.78,0.78,
2025-10-08 04:30:00,trend_down,4447.7,non_compression_regime,,,,0.78,ge_0.78,0.78,
2025-10-08 08:30:00,trend_down,4443.6,non_compression_regime,,,,0.78,ge_0.78,0.78,
2025-10-08 10:30:00,trend_down,4437.49,non_compression_regime,,,,0.78,ge_0.78,0.78,
2025-10-08 11:30:00,trend_down,4455.6,non_compression_regime,,,,0.78,ge_0.78,0.78,
2025-10-08 12:30:00,trend_down,4463.48,non_compression_regime,,,,0.78,ge_0.78,0.78,
2025-10-09 13:30:00,range,4328.0,non_compression_regime,,,,0.78,ge_0.78,0.78,
2025-10-09 14:30:00,range,4334.82,non_compression_regime,,,,0.78,ge_0.78,0.78,
2025-10-09 15:30:00,range,4354.7,non_compression_regime,,,,0.78,ge_0.78,0.78,
2025-10-09 16:30:00,range,4373.05,non_compression_regime,,,,0.78,ge_0.78,0.78,
2025-10-09 21:30:00,range,4277.34,non_compression_regime,,,,0.78,ge_0.78,0.78,
2025-10-09 23:30:00,range,4308.24,non_compression_regime,,,,0.78,ge_0.78,0.78,
2025-10-10 00:30:00,range,4338.0,non_compression_regime,,,,0.78,ge_0.78,0.78,
2025-10-10 01:30:00,range,4337.46,non_compression_regime,,,,0.78,ge_0.78,0.78,
2025-10-11 01:30:00,trend_down,3871.3,non_compression_regime,,,,0.78,ge_0.78,0.78,
2025-10-11 06:30:00,trend_down,3733.35,non_compression_regime,,,,0.78,ge_0.78,0.78,
2025-10-11 08:30:00,trend_down,3792.26,non_compression_regime,,,,0.78,ge_0.78,0.78,
2025-10-12 05:30:00,high_volatility,3701.01,non_compression_regime,,,,0.78,ge_0.78,0.78,
2025-10-12 06:30:00,high_volatility,3719.24,non_compression_regime,,,,0.78,ge_0.78,0.78,
2025-10-12 08:30:00,high_volatility,3781.61,non_compression_regime,,,,0.78,ge_0.78,0.78,
2025-10-12 09:30:00,high_volatility,3801.9,non_compression_regime,,,,0.78,ge_0.78,0.78,
2025-10-12 15:30:00,trend_up,3820.0,non_compression_regime,,,,0.78,ge_0.78,0.78,
2025-10-12 16:30:00,range,3820.36,non_compression_regime,,,,0.78,ge_0.78,0.78,
2025-10-12 18:30:00,range,3810.13,non_compression_regime,,,,0.78,ge_0.78,0.78,
2025-10-12 19:30:00,trend_up,3975.19,non_compression_regime,,,,0.78,ge_0.78,0.78,
2025-10-12 20:30:00,trend_up,4034.59,non_compression_regime,,,,0.78,ge_0.78,0.78,
2025-10-12 21:30:00,trend_up,4106.27,non_compression_regime,,,,0.78,ge_0.78,0.78,
2025-10-12 23:30:00,trend_up,4109.5,non_compression_regime,,,,0.78,ge_0.78,0.78,
2025-10-13 00:30:00,trend_up,4135.68,non_compression_regime,,,,0.78,ge_0.78,0.78,
2025-10-13 01:30:00,trend_up,4136.24,non_compression_regime,,,,0.78,ge_0.78,0.78,
2025-10-13 02:30:00,trend_up,4135.53,non_compression_regime,,,,0.78,ge_0.78,0.78,
2025-10-13 03:30:00,trend_up,4134.57,non_compression_regime,,,,0.78,ge_0.78,0.78,
2025-10-13 04:30:00,trend_up,4152.29,non_compression_regime,,,,0.78,ge_0.78,0.78,
2025-10-13 05:30:00,trend_up,4139.8,non_compression_regime,,,,0.78,ge_0.78,0.78,
2025-10-13 08:30:00,trend_up,4139.78,non_compression_regime,,,,0.78,ge_0.78,0.78,
2025-10-13 09:30:00,trend_up,4142.16,non_compression_regime,,,,0.78,ge_0.78,0.78,
2025-10-13 10:30:00,trend_up,4131.55,non_compression_regime,,,,0.78,ge_0.78,0.78,
2025-10-13 16:30:00,high_volatility,4080.39,non_compression_regime,,,,0.78,ge_0.78,0.78,
2025-10-13 17:30:00,high_volatility,4097.12,non_compression_regime,,,,0.78,ge_0.78,0.78,
2025-10-13 19:30:00,high_volatility,4095.45,non_compression_regime,,,,0.78,ge_0.78,0.78,
2025-10-13 20:30:00,high_volatility,4135.0,non_compression_regime,,,,0.78,ge_0.78,0.78,
2025-10-13 21:30:00,high_volatility,4165.01,non_compression_regime,,,,0.78,ge_0.78,0.78,
2025-10-13 22:30:00,high_volatility,4234.62,non_compression_regime,,,,0.78,ge_0.78,0.78,
2025-10-14 00:30:00,high_volatility,4251.96,non_compression_regime,,,,0.78,ge_0.78,0.78,
2025-10-14 15:30:00,trend_down,3942.37,non_compression_regime,,,,0.78,ge_0.78,0.78,
2025-10-14 17:30:00,trend_down,3941.1,non_compression_regime,,,,0.78,ge_0.78,0.78,
2025-10-14 18:30:00,trend_down,3956.03,non_compression_regime,,,,0.78,ge_0.78,0.78,
2025-10-14 19:30:00,trend_down,3970.14,non_compression_regime,,,,0.78,ge_0.78,0.78,
2025-10-14 20:30:00,trend_down,4085.4,non_compression_regime,,,,0.78,ge_0.78,0.78,
2025-10-14 21:30:00,trend_down,4096.23,non_compression_regime,,,,0.78,ge_0.78,0.78,
2025-10-15 08:30:00,trend_up,4080.7,non_compression_regime,,,,0.78,ge_0.78,0.78,
2025-10-15 09:30:00,trend_up,4116.04,non_compression_regime,,,,0.78,ge_0.78,0.78,
2025-10-15 10:30:00,trend_up,4110.35,non_compression_regime,,,,0.78,ge_0.78,0.78,
2025-10-15 11:30:00,trend_up,4118.52,non_compression_regime,,,,0.78,ge_0.78,0.78,
2025-10-15 12:30:00,trend_up,4122.04,non_compression_regime,,,,0.78,ge_0.78,0.78,
2025-10-15 20:30:00,trend_down,3980.97,non_compression_regime,,,,0.78,ge_0.78,0.78,
2025-10-15 21:30:00,trend_down,3976.07,non_compression_regime,,,,0.78,ge_0.78,0.78,
2025-10-16 01:30:00,trend_down,3961.52,non_compression_regime,,,,0.78,ge_0.78,0.78,
2025-10-16 02:30:00,trend_down,3954.17,non_compression_regime,,,,0.78,ge_0.78,0.78,
2025-10-16 03:30:00,trend_down,3961.65,non_compression_regime,,,,0.78,ge_0.78,0.78,
2025-10-16 04:30:00,trend_down,3985.61,non_compression_regime,,,,0.78,ge_0.78,0.78,
2025-10-16 05:30:00,trend_down,3981.89,non_compression_regime,,,,0.78,ge_0.78,0.78,
2025-10-16 06:30:00,trend_down,4010.22,non_compression_regime,,,,0.78,ge_0.78,0.78,
2025-10-16 09:30:00,range,3999.01,non_compression_regime,,,,0.78,ge_0.78,0.78,
2025-10-16 10:30:00,range,3996.5,non_compression_regime,,,,0.78,ge_0.78,0.78,
2025-10-16 20:30:00,high_volatility,3907.18,non_compression_regime,,,,0.78,ge_0.78,0.78,
2025-10-17 01:30:00,trend_down,3850.99,non_compression_regime,,,,0.78,ge_0.78,0.78,
2025-10-17 03:30:00,trend_down,3865.45,non_compression_regime,,,,0.78,ge_0.78,0.78,
2025-10-17 04:30:00,trend_down,3894.51,non_compression_regime,,,,0.78,ge_0.78,0.78,
2025-10-17 13:30:00,high_volatility,3708.8,non_compression_regime,,,,0.78,ge_0.78,0.78,
2025-10-17 14:30:00,high_volatility,3724.36,non_compression_regime,,,,0.78,ge_0.78,0.78,
2025-10-17 15:30:00,trend_down,3725.36,non_compression_regime,,,,0.78,ge_0.78,0.78,
2025-10-17 19:30:00,high_volatility,3750.31,non_compression_regime,,,,0.78,ge_0.78,0.78,
2025-10-17 20:30:00,high_volatility,3797.75,non_compression_regime,,,,0.78,ge_0.78,0.78,
2025-10-17 21:30:00,high_volatility,3787.94,non_compression_regime,,,,0.78,ge_0.78,0.78,
2025-10-18 05:30:00,trend_up,3840.25,non_compression_regime,,,,0.78,ge_0.78,0.78,
2025-10-18 07:30:00,range,3851.24,non_compression_regime,,,,0.78,ge_0.78,0.78,
2025-10-18 09:30:00,trend_up,3844.44,non_compression_regime,,,,0.78,ge_0.78,0.78,
2025-10-18 10:30:00,trend_up,3867.35,non_compression_regime,,,,0.78,ge_0.78,0.78,
2025-10-18 18:30:00,range,3865.61,non_compression_regime,,,,0.78,ge_0.78,0.78,
2025-10-18 21:30:00,range,3865.53,non_compression_regime,,,,0.78,ge_0.78,0.78,
2025-10-19 05:30:00,compression,3869.17,outside_band_or_negative_prediction,0.012986404179001489,0.0,1.0,0.78,ge_0.78,0.78,
2025-10-19 08:30:00,compression,3906.29,outside_band_or_negative_prediction,0.08728094495752606,0.0,0.0,0.78,ge_0.78,0.78,
2025-10-19 09:30:00,compression,3903.27,outside_band_or_negative_prediction,0.023905820856264352,0.0,0.0,0.78,ge_0.78,0.78,
2025-10-19 10:30:00,compression,3897.21,outside_band_or_negative_prediction,0.19857182492542091,0.0,0.0,0.78,ge_0.78,0.78,
2025-10-19 17:30:00,range,3923.13,non_compression_regime,,,,0.78,ge_0.78,0.78,
2025-10-19 18:30:00,range,3972.23,non_compression_regime,,,,0.78,ge_0.78,0.78,
2025-10-19 21:30:00,trend_up,3981.01,non_compression_regime,,,,0.78,ge_0.78,0.78,
2025-10-19 22:30:00,trend_up,3993.66,non_compression_regime,,,,0.78,ge_0.78,0.78,
2025-10-20 00:30:00,trend_up,3985.75,non_compression_regime,,,,0.78,ge_0.78,0.78,
2025-10-20 05:30:00,range,3941.76,non_compression_regime,,,,0.78,ge_0.78,0.78,
2025-10-20 06:30:00,range,3938.21,non_compression_regime,,,,0.78,ge_0.78,0.78,
2025-10-20 07:30:00,range,3956.54,non_compression_regime,,,,0.78,ge_0.78,0.78,
2025-10-20 08:30:00,range,4026.9,non_compression_regime,,,,0.78,ge_0.78,0.78,
2025-10-21 09:30:00,trend_down,3851.0,non_compression_regime,,,,0.78,ge_0.78,0.78,
2025-10-21 10:30:00,trend_down,3863.78,non_compression_regime,,,,0.78,ge_0.78,0.78,
2025-10-21 13:30:00,trend_down,3867.99,non_compression_regime,,,,0.78,ge_0.78,0.78,
2025-10-21 14:30:00,trend_down,3864.41,non_compression_regime,,,,0.78,ge_0.78,0.78,
2025-10-21 17:30:00,trend_down,3880.9,non_compression_regime,,,,0.78,ge_0.78,0.78,
2025-10-21 18:30:00,trend_down,3866.03,non_compression_regime,,,,0.78,ge_0.78,0.78,
2025-10-21 19:30:00,range,4021.24,non_compression_regime,,,,0.78,ge_0.78,0.78,
2025-10-22 05:30:00,high_volatility,3842.24,non_compression_regime,,,,0.78,ge_0.78,0.78,
2025-10-22 15:30:00,trend_down,3820.7,non_compression_regime,,,,0.78,ge_0.78,0.78,
2025-10-22 16:30:00,trend_down,3829.0,non_compression_regime,,,,0.78,ge_0.78,0.78,
2025-10-22 17:30:00,trend_down,3846.64,non_compression_regime,,,,0.78,ge_0.78,0.78,
2025-10-23 02:30:00,high_volatility,3744.69,non_compression_regime,,,,0.78,ge_0.78,0.78,
2025-10-23 08:30:00,range,3826.79,non_compression_regime,,,,0.78,ge_0.78,0.78,
2025-10-23 09:30:00,range,3835.92,non_compression_regime,,,,0.78,ge_0.78,0.78,
2025-10-23 16:30:00,trend_up,3863.06,non_compression_regime,,,,0.78,ge_0.78,0.78,
2025-10-23 17:30:00,trend_up,3853.21,non_compression_regime,,,,0.78,ge_0.78,0.78,
2025-10-23 18:30:00,trend_up,3851.38,non_compression_regime,,,,0.78,ge_0.78,0.78,
2025-10-23 19:30:00,range,3847.69,non_compression_regime,,,,0.78,ge_0.78,0.78,
2025-10-23 20:30:00,range,3876.94,non_compression_regime,,,,0.78,ge_0.78,0.78,
2025-10-24 01:30:00,range,3829.2,non_compression_regime,,,,0.78,ge_0.78,0.78,
2025-10-24 02:30:00,range,3828.91,non_compression_regime,,,,0.78,ge_0.78,0.78,
2025-10-24 19:30:00,range,3902.27,non_compression_regime,,,,0.78,ge_0.78,0.78,
2025-10-24 20:30:00,range,3888.92,non_compression_regime,,,,0.78,ge_0.78,0.78,
2025-10-24 21:30:00,range,3889.12,non_compression_regime,,,,0.78,ge_0.78,0.78,
2025-10-27 03:30:00,trend_up,4160.65,non_compression_regime,,,,0.78,ge_0.78,0.78,
2025-10-27 04:30:00,trend_up,4158.46,non_compression_regime,,,,0.78,ge_0.78,0.78,
2025-10-27 05:30:00,trend_up,4170.54,non_compression_regime,,,,0.78,ge_0.78,0.78,
2025-10-27 06:30:00,trend_up,4191.81,non_compression_regime,,,,0.78,ge_0.78,0.78,
2025-10-27 07:30:00,trend_up,4205.49,non_compression_regime,,,,0.78,ge_0.78,0.78,
2025-10-27 08:30:00,trend_up,4205.08,non_compression_regime,,,,0.78,ge_0.78,0.78,
2025-10-27 16:30:00,range,4162.14,non_compression_regime,,,,0.78,ge_0.78,0.78,
2025-10-27 17:30:00,range,4145.86,non_compression_regime,,,,0.78,ge_0.78,0.78,
2025-10-28 10:30:00,trend_down,4068.6,non_compression_regime,,,,0.78,ge_0.78,0.78,
2025-10-28 12:30:00,range,4117.24,non_compression_regime,,,,0.78,ge_0.78,0.78,
2025-10-28 13:30:00,trend_down,4123.99,non_compression_regime,,,,0.78,ge_0.78,0.78,
2025-10-28 14:30:00,range,4122.89,non_compression_regime,,,,0.78,ge_0.78,0.78,
2025-10-28 15:30:00,range,4118.2,non_compression_regime,,,,0.78,ge_0.78,0.78,
2025-10-28 16:30:00,range,4112.46,non_compression_regime,,,,0.78,ge_0.78,0.78,
2025-10-28 17:30:00,range,4121.97,non_compression_regime,,,,0.78,ge_0.78,0.78,
2025-10-29 04:30:00,trend_down,3979.2,non_compression_regime,,,,0.78,ge_0.78,0.78,
2025-10-29 05:30:00,trend_down,3972.99,non_compression_regime,,,,0.78,ge_0.78,0.78,
2025-10-29 06:30:00,trend_down,3982.45,non_compression_regime,,,,0.78,ge_0.78,0.78,
2025-10-29 08:30:00,trend_down,3997.66,non_compression_regime,,,,0.78,ge_0.78,0.78,
2025-10-29 15:30:00,range,3989.07,non_compression_regime,,,,0.78,ge_0.78,0.78,
2025-10-29 20:30:00,range,3951.71,non_compression_regime,,,,0.78,ge_0.78,0.78,
2025-10-29 21:30:00,range,3962.21,non_compression_regime,,,,0.78,ge_0.78,0.78,
2025-10-29 23:30:00,range,3917.9,non_compression_regime,,,,0.78,ge_0.78,0.78,
2025-10-30 00:30:00,range,3905.71,non_compression_regime,,,,0.78,ge_0.78,0.78,
2025-10-30 04:30:00,high_volatility,3902.99,non_compression_regime,,,,0.78,ge_0.78,0.78,
2025-10-30 09:30:00,high_volatility,3871.73,non_compression_regime,,,,0.78,ge_0.78,0.78,
2025-10-30 10:30:00,high_volatility,3916.62,non_compression_regime,,,,0.78,ge_0.78,0.78,
2025-10-30 18:30:00,range,3766.68,non_compression_regime,,,,0.78,ge_0.78,0.78,
2025-10-31 00:30:00,high_volatility,3686.93,non_compression_regime,,,,0.78,ge_0.78,0.78,
2025-10-31 01:30:00,high_volatility,3756.8,non_compression_regime,,,,0.78,ge_0.78,0.78,
2025-10-31 08:30:00,range,3829.16,non_compression_regime,,,,0.78,ge_0.78,0.78,
2025-10-31 11:30:00,range,3831.24,non_compression_regime,,,,0.78,ge_0.78,0.78,
2025-10-31 12:30:00,range,3831.49,non_compression_regime,,,,0.78,ge_0.78,0.78,
2025-10-31 14:30:00,range,3844.99,non_compression_regime,,,,0.78,ge_0.78,0.78,
2025-10-31 15:30:00,range,3835.83,non_compression_regime,,,,0.78,ge_0.78,0.78,
2025-10-31 17:30:00,range,3836.18,non_compression_regime,,,,0.78,ge_0.78,0.78,
2025-10-31 21:30:00,range,3822.67,non_compression_regime,,,,0.78,ge_0.78,0.78,
2025-10-31 22:30:00,range,3828.16,non_compression_regime,,,,0.78,ge_0.78,0.78,
2025-10-31 23:30:00,range,3852.9,non_compression_regime,,,,0.78,ge_0.78,0.78,
2025-11-01 20:30:00,compression,3895.15,outside_band_or_negative_prediction,0.0009432280272811469,0.0,0.0,0.78,ge_0.78,0.78,
2025-11-01 21:30:00,compression,3892.23,outside_band_or_negative_prediction,0.003095136079826476,0.0,0.0,0.78,ge_0.78,0.78,
2025-11-02 09:30:00,compression,3908.24,outside_band_or_negative_prediction,0.5707131466947161,1.0,0.0,0.78,ge_0.78,0.78,
2025-11-02 12:30:00,compression,3906.73,outside_band_or_negative_prediction,0.0034496028711538417,0.0,0.0,0.78,ge_0.78,0.78,
2025-11-02 14:30:00,compression,3872.82,outside_band_or_negative_prediction,0.15158775809543948,0.0,0.0,0.78,ge_0.78,0.78,
2025-11-02 15:30:00,compression,3863.3,outside_band_or_negative_prediction,0.05298934838997058,0.0,1.0,0.78,ge_0.78,0.78,
2025-11-02 16:30:00,compression,3891.31,outside_band_or_negative_prediction,0.6746785035769243,1.0,0.0,0.78,ge_0.78,0.78,
2025-11-02 17:30:00,compression,3877.51,outside_band_or_negative_prediction,0.18578101393510657,0.0,0.0,0.78,ge_0.78,0.78,
2025-11-03 00:30:00,range,3855.98,non_compression_regime,,,,0.78,ge_0.78,0.78,
2025-11-03 01:30:00,range,3858.24,non_compression_regime,,,,0.78,ge_0.78,0.78,
2025-11-03 15:30:00,trend_down,3675.99,non_compression_regime,,,,0.78,ge_0.78,0.78,
2025-11-03 16:30:00,trend_down,3711.68,non_compression_regime,,,,0.78,ge_0.78,0.78,
2025-11-03 17:30:00,trend_down,3709.34,non_compression_regime,,,,0.78,ge_0.78,0.78,
2025-11-03 20:30:00,trend_down,3588.89,non_compression_regime,,,,0.78,ge_0.78,0.78,
2025-11-03 21:30:00,trend_down,3619.22,non_compression_regime,,,,0.78,ge_0.78,0.78,
2025-11-04 01:30:00,high_volatility,3587.97,non_compression_regime,,,,0.78,ge_0.78,0.78,
2025-11-04 10:30:00,high_volatility,3492.08,non_compression_regime,,,,0.78,ge_0.78,0.78,
2025-11-04 12:30:00,high_volatility,3494.56,non_compression_regime,,,,0.78,ge_0.78,0.78,
2025-11-04 13:30:00,high_volatility,3495.83,non_compression_regime,,,,0.78,ge_0.78,0.78,
2025-11-04 18:30:00,high_volatility,3507.37,non_compression_regime,,,,0.78,ge_0.78,0.78,
2025-11-05 01:30:00,high_volatility,3213.52,non_compression_regime,,,,0.78,ge_0.78,0.78,
2025-11-05 02:30:00,high_volatility,3214.87,non_compression_regime,,,,0.78,ge_0.78,0.78,
2025-11-05 03:30:00,high_volatility,3247.2,non_compression_regime,,,,0.78,ge_0.78,0.78,
2025-11-05 05:30:00,high_volatility,3240.47,non_compression_regime,,,,0.78,ge_0.78,0.78,
2025-11-05 06:30:00,high_volatility,3243.67,non_compression_regime,,,,0.78,ge_0.78,0.78,
2025-11-05 20:30:00,trend_up,3398.36,non_compression_regime,,,,0.78,ge_0.78,0.78,
2025-11-05 21:30:00,trend_up,3437.93,non_compression_regime,,,,0.78,ge_0.78,0.78,
2025-11-05 22:30:00,trend_up,3436.02,non_compression_regime,,,,0.78,ge_0.78,0.78,
2025-11-06 05:30:00,trend_up,3407.6,non_compression_regime,,,,0.78,ge_0.78,0.78,
2025-11-06 06:30:00,trend_up,3405.38,non_compression_regime,,,,0.78,ge_0.78,0.78,
2025-11-06 07:30:00,trend_up,3422.13,non_compression_regime,,,,0.78,ge_0.78,0.78,
2025-11-06 17:30:00,range,3349.5,non_compression_regime,,,,0.78,ge_0.78,0.78,
2025-11-06 21:30:00,trend_down,3276.59,non_compression_regime,,,,0.78,ge_0.78,0.78,
2025-11-07 01:30:00,trend_down,3306.41,non_compression_regime,,,,0.78,ge_0.78,0.78,
2025-11-07 02:30:00,trend_down,3326.04,non_compression_regime,,,,0.78,ge_0.78,0.78,
2025-11-07 03:30:00,trend_down,3319.61,non_compression_regime,,,,0.78,ge_0.78,0.78,
2025-11-07 04:30:00,trend_down,3315.14,non_compression_regime,,,,0.78,ge_0.78,0.78,
2025-11-07 05:30:00,trend_down,3324.97,non_compression_regime,,,,0.78,ge_0.78,0.78,
2025-11-07 06:30:00,trend_down,3324.79,non_compression_regime,,,,0.78,ge_0.78,0.78,
2025-11-07 07:30:00,high_volatility,3346.66,non_compression_regime,,,,0.78,ge_0.78,0.78,
2025-11-07 17:30:00,high_volatility,3223.05,non_compression_regime,,,,0.78,ge_0.78,0.78,
2025-11-07 18:30:00,high_volatility,3240.99,non_compression_regime,,,,0.78,ge_0.78,0.78,
2025-11-07 19:30:00,trend_down,3289.43,non_compression_regime,,,,0.78,ge_0.78,0.78,
2025-11-07 20:30:00,trend_down,3297.52,non_compression_regime,,,,0.78,ge_0.78,0.78,
2025-11-07 21:30:00,trend_down,3309.2,non_compression_regime,,,,0.78,ge_0.78,0.78,
2025-11-07 22:30:00,high_volatility,3385.63,non_compression_regime,,,,0.78,ge_0.78,0.78,
2025-11-07 23:30:00,high_volatility,3426.17,non_compression_regime,,,,0.78,ge_0.78,0.78,
2025-11-08 04:30:00,trend_up,3436.05,non_compression_regime,,,,0.78,ge_0.78,0.78,
2025-11-08 05:30:00,trend_up,3424.55,non_compression_regime,,,,0.78,ge_0.78,0.78,
2025-11-08 06:30:00,trend_up,3437.27,non_compression_regime,,,,0.78,ge_0.78,0.78,
2025-11-08 10:30:00,trend_up,3431.18,non_compression_regime,,,,0.78,ge_0.78,0.78,
2025-11-08 20:30:00,range,3376.79,non_compression_regime,,,,0.78,ge_0.78,0.78,
2025-11-08 21:30:00,range,3368.03,non_compression_regime,,,,0.78,ge_0.78,0.78,
2025-11-09 07:30:00,range,3368.11,non_compression_regime,,,,0.78,ge_0.78,0.78,
2025-11-09 08:30:00,range,3375.8,non_compression_regime,,,,0.78,ge_0.78,0.78,
2025-11-09 09:30:00,range,3374.69,non_compression_regime,,,,0.78,ge_0.78,0.78,
2025-11-09 10:30:00,range,3405.53,non_compression_regime,,,,0.78,ge_0.78,0.78,
2025-11-09 11:30:00,range,3405.3,non_compression_regime,,,,0.78,ge_0.78,0.78,
2025-11-09 16:30:00,range,3428.37,non_compression_regime,,,,0.78,ge_0.78,0.78,
2025-11-09 17:30:00,range,3441.58,non_compression_regime,,,,0.78,ge_0.78,0.78,
2025-11-09 18:30:00,range,3458.9,non_compression_regime,,,,0.78,ge_0.78,0.78,
2025-11-09 19:30:00,range,3507.02,non_compression_regime,,,,0.78,ge_0.78,0.78,
2025-11-09 20:30:00,trend_up,3515.51,non_compression_regime,,,,0.78,ge_0.78,0.78,
2025-11-09 21:30:00,trend_up,3528.19,non_compression_regime,,,,0.78,ge_0.78,0.78,
2025-11-09 22:30:00,trend_up,3515.51,non_compression_regime,,,,0.78,ge_0.78,0.78,
2025-11-09 23:30:00,trend_up,3541.54,non_compression_regime,,,,0.78,ge_0.78,0.78,
2025-11-10 00:30:00,trend_up,3580.0,non_compression_regime,,,,0.78,ge_0.78,0.78,
2025-11-10 01:30:00,trend_up,3579.17,non_compression_regime,,,,0.78,ge_0.78,0.78,
2025-11-10 02:30:00,trend_up,3580.96,non_compression_regime,,,,0.78,ge_0.78,0.78,
2025-11-10 03:30:00,trend_up,3587.35,non_compression_regime,,,,0.78,ge_0.78,0.78,
2025-11-10 04:30:00,trend_up,3583.46,non_compression_regime,,,,0.78,ge_0.78,0.78,
2025-11-10 13:30:00,high_volatility,3594.16,non_compression_regime,,,,0.78,ge_0.78,0.78,
2025-11-10 17:30:00,range,3591.8,non_compression_regime,,,,0.78,ge_0.78,0.78,
2025-11-10 21:30:00,range,3530.11,non_compression_regime,,,,0.78,ge_0.78,0.78,
2025-11-10 23:30:00,trend_down,3532.89,non_compression_regime,,,,0.78,ge_0.78,0.78,
2025-11-11 02:30:00,trend_down,3541.79,non_compression_regime,,,,0.78,ge_0.78,0.78,
2025-11-11 03:30:00,trend_down,3575.91,non_compression_regime,,,,0.78,ge_0.78,0.78,
2025-11-11 04:30:00,range,3567.85,non_compression_regime,,,,0.78,ge_0.78,0.78,
2025-11-11 05:30:00,range,3585.85,non_compression_regime,,,,0.78,ge_0.78,0.78,
2025-11-11 06:30:00,range,3581.06,non_compression_regime,,,,0.78,ge_0.78,0.78,
2025-11-12 02:30:00,trend_down,3417.66,non_compression_regime,,,,0.78,ge_0.78,0.78,
2025-11-12 04:30:00,trend_down,3417.76,non_compression_regime,,,,0.78,ge_0.78,0.78,
2025-11-12 05:30:00,trend_down,3418.13,non_compression_regime,,,,0.78,ge_0.78,0.78,
2025-11-12 07:30:00,trend_down,3427.23,non_compression_regime,,,,0.78,ge_0.78,0.78,
2025-11-12 08:30:00,trend_down,3439.1,non_compression_regime,,,,0.78,ge_0.78,0.78,
2025-11-12 11:30:00,range,3439.11,non_compression_regime,,,,0.78,ge_0.78,0.78,
2025-11-12 12:30:00,range,3428.23,non_compression_regime,,,,0.78,ge_0.78,0.78,
2025-11-12 13:30:00,range,3468.47,non_compression_regime,,,,0.78,ge_0.78,0.78,
2025-11-12 14:30:00,range,3483.72,non_compression_regime,,,,0.78,ge_0.78,0.78,
2025-11-12 16:30:00,range,3549.38,non_compression_regime,,,,0.78,ge_0.78,0.78,
2025-11-12 17:30:00,range,3552.36,non_compression_regime,,,,0.78,ge_0.78,0.78,
2025-11-12 21:30:00,high_volatility,3399.3,non_compression_regime,,,,0.78,ge_0.78,0.78,
2025-11-13 06:30:00,high_volatility,3424.26,non_compression_regime,,,,0.78,ge_0.78,0.78,
2025-11-13 08:30:00,high_volatility,3452.86,non_compression_regime,,,,0.78,ge_0.78,0.78,
2025-11-13 09:30:00,high_volatility,3482.68,non_compression_regime,,,,0.78,ge_0.78,0.78,
2025-11-14 01:30:00,trend_down,3171.65,non_compression_regime,,,,0.78,ge_0.78,0.78,
2025-11-14 02:30:00,trend_down,3179.74,non_compression_regime,,,,0.78,ge_0.78,0.78,
2025-11-14 05:30:00,trend_down,3200.93,non_compression_regime,,,,0.78,ge_0.78,0.78,
2025-11-14 06:30:00,trend_down,3207.13,non_compression_regime,,,,0.78,ge_0.78,0.78,
2025-11-14 09:30:00,trend_down,3163.06,non_compression_regime,,,,0.78,ge_0.78,0.78,
2025-11-14 10:30:00,trend_down,3192.63,non_compression_regime,,,,0.78,ge_0.78,0.78,
2025-11-14 17:30:00,high_volatility,3126.42,non_compression_regime,,,,0.78,ge_0.78,0.78,
2025-11-14 18:30:00,high_volatility,3121.74,non_compression_regime,,,,0.78,ge_0.78,0.78,
2025-11-14 19:30:00,high_volatility,3199.5,non_compression_regime,,,,0.78,ge_0.78,0.78,
2025-11-14 20:30:00,high_volatility,3196.7,non_compression_regime,,,,0.78,ge_0.78,0.78,
2025-11-16 02:30:00,range,3157.97,non_compression_regime,,,,0.78,ge_0.78,0.78,
2025-11-16 12:30:00,range,3219.55,non_compression_regime,,,,0.78,ge_0.78,0.78,
2025-11-16 13:30:00,range,3219.41,non_compression_regime,,,,0.78,ge_0.78,0.78,
2025-11-16 21:30:00,range,3061.6,non_compression_regime,,,,0.78,ge_0.78,0.78,
2025-11-16 23:30:00,trend_down,3060.44,non_compression_regime,,,,0.78,ge_0.78,0.78,
2025-11-17 02:30:00,trend_down,3073.63,non_compression_regime,,,,0.78,ge_0.78,0.78,
2025-11-17 03:30:00,trend_down,3091.86,non_compression_regime,,,,0.78,ge_0.78,0.78,
2025-11-17 04:30:00,trend_down,3095.29,non_compression_regime,,,,0.78,ge_0.78,0.78,
2025-11-17 06:30:00,trend_down,3114.66,non_compression_regime,,,,0.78,ge_0.78,0.78,
2025-11-17 07:30:00,trend_down,3149.4,non_compression_regime,,,,0.78,ge_0.78,0.78,
2025-11-17 18:30:00,trend_up,3121.95,non_compression_regime,,,,0.78,ge_0.78,0.78,
2025-11-18 00:30:00,trend_down,2982.27,non_compression_regime,,,,0.78,ge_0.78,0.78,
2025-11-18 01:30:00,trend_down,3004.66,non_compression_regime,,,,0.78,ge_0.78,0.78,
2025-11-18 02:30:00,trend_down,3009.25,non_compression_regime,,,,0.78,ge_0.78,0.78,
2025-11-18 07:30:00,trend_down,2985.5,non_compression_regime,,,,0.78,ge_0.78,0.78,
2025-11-18 11:30:00,trend_down,2989.76,non_compression_regime,,,,0.78,ge_0.78,0.78,
2025-11-18 12:30:00,trend_down,3024.44,non_compression_regime,,,,0.78,ge_0.78,0.78,
2025-11-18 19:30:00,trend_up,3058.33,non_compression_regime,,,,0.78,ge_0.78,0.78,
2025-11-18 20:30:00,trend_up,3106.87,non_compression_regime,,,,0.78,ge_0.78,0.78,
2025-11-18 22:30:00,trend_up,3135.36,non_compression_regime,,,,0.78,ge_0.78,0.78,
2025-11-19 02:30:00,trend_up,3098.25,non_compression_regime,,,,0.78,ge_0.78,0.78,
2025-11-19 10:30:00,high_volatility,3017.56,non_compression_regime,,,,0.78,ge_0.78,0.78,
2025-11-19 11:30:00,range,3041.15,non_compression_regime,,,,0.78,ge_0.78,0.78,
2025-11-19 13:30:00,range,3080.21,non_compression_regime,,,,0.78,ge_0.78,0.78,
2025-11-20 00:30:00,trend_down,2881.66,non_compression_regime,,,,0.78,ge_0.78,0.78,
2025-11-20 01:30:00,trend_down,2945.29,non_compression_regime,,,,0.78,ge_0.78,0.78,
2025-11-20 02:30:00,trend_down,2991.66,non_compression_regime,,,,0.78,ge_0.78,0.78,
2025-11-20 03:30:00,trend_down,2984.54,non_compression_regime,,,,0.78,ge_0.78,0.78,
2025-11-20 04:30:00,trend_down,3025.48,non_compression_regime,,,,0.78,ge_0.78,0.78,
2025-11-20 05:30:00,trend_down,3019.27,non_compression_regime,,,,0.78,ge_0.78,0.78,
2025-11-20 11:30:00,trend_up,3020.81,non_compression_regime,,,,0.78,ge_0.78,0.78,
2025-11-20 23:30:00,trend_down,2813.66,non_compression_regime,,,,0.78,ge_0.78,0.78,
2025-11-21 01:30:00,trend_down,2835.29,non_compression_regime,,,,0.78,ge_0.78,0.78,
2025-11-21 04:30:00,trend_down,2834.22,non_compression_regime,,,,0.78,ge_0.78,0.78,
2025-11-21 07:30:00,trend_down,2782.67,non_compression_regime,,,,0.78,ge_0.78,0.78,
2025-11-21 12:30:00,high_volatility,2720.17,non_compression_regime,,,,0.78,ge_0.78,0.78,
2025-11-21 14:30:00,high_volatility,2681.42,non_compression_regime,,,,0.78,ge_0.78,0.78,
2025-11-21 15:30:00,high_volatility,2696.8,non_compression_regime,,,,0.78,ge_0.78,0.78,
2025-11-21 17:30:00,high_volatility,2727.59,non_compression_regime,,,,0.78,ge_0.78,0.78,
2025-11-21 18:30:00,high_volatility,2741.79,non_compression_regime,,,,0.78,ge_0.78,0.78,
2025-11-21 20:30:00,high_volatility,2705.32,non_compression_regime,,,,0.78,ge_0.78,0.78,
2025-11-21 21:30:00,high_volatility,2762.8,non_compression_regime,,,,0.78,ge_0.78,0.78,
2025-11-22 17:30:00,range,2721.08,non_compression_regime,,,,0.78,ge_0.78,0.78,
2025-11-22 18:30:00,range,2719.49,non_compression_regime,,,,0.78,ge_0.78,0.78,
2025-11-22 20:30:00,range,2738.92,non_compression_regime,,,,0.78,ge_0.78,0.78,
2025-11-22 22:30:00,range,2750.01,non_compression_regime,,,,0.78,ge_0.78,0.78,
2025-11-23 04:30:00,range,2770.12,non_compression_regime,,,,0.78,ge_0.78,0.78,
2025-11-23 05:30:00,range,2772.99,non_compression_regime,,,,0.78,ge_0.78,0.78,
2025-11-23 06:30:00,range,2808.44,non_compression_regime,,,,0.78,ge_0.78,0.78,
2025-11-23 12:30:00,trend_up,2793.7,non_compression_regime,,,,0.78,ge_0.78,0.78,
2025-11-23 13:30:00,trend_up,2811.53,non_compression_regime,,,,0.78,ge_0.78,0.78,
2025-11-23 14:30:00,trend_up,2816.45,non_compression_regime,,,,0.78,ge_0.78,0.78,
2025-11-23 15:30:00,trend_up,2808.73,non_compression_regime,,,,0.78,ge_0.78,0.78,
2025-11-23 16:30:00,trend_up,2815.54,non_compression_regime,,,,0.78,ge_0.78,0.78,
2025-11-23 19:30:00,trend_up,2814.88,non_compression_regime,,,,0.78,ge_0.78,0.78,
2025-11-23 21:30:00,range,2800.05,non_compression_regime,,,,0.78,ge_0.78,0.78,
2025-11-23 22:30:00,range,2792.72,non_compression_regime,,,,0.78,ge_0.78,0.78,
2025-11-23 23:30:00,range,2808.87,non_compression_regime,,,,0.78,ge_0.78,0.78,
2025-11-24 00:30:00,range,2822.7,non_compression_regime,,,,0.78,ge_0.78,0.78,
2025-11-24 09:30:00,high_volatility,2824.81,non_compression_regime,,,,0.78,ge_0.78,0.78,
2025-11-24 14:30:00,high_volatility,2797.72,non_compression_regime,,,,0.78,ge_0.78,0.78,
2025-11-24 18:30:00,high_volatility,2815.65,non_compression_regime,,,,0.78,ge_0.78,0.78,
2025-11-24 19:30:00,high_volatility,2832.0,non_compression_regime,,,,0.78,ge_0.78,0.78,
2025-11-24 20:30:00,high_volatility,2846.47,non_compression_regime,,,,0.78,ge_0.78,0.78,
2025-11-24 21:30:00,high_volatility,2858.77,non_compression_regime,,,,0.78,ge_0.78,0.78,
2025-11-24 22:30:00,high_volatility,2940.03,non_compression_regime,,,,0.78,ge_0.78,0.78,
2025-11-25 06:30:00,trend_up,2919.27,non_compression_regime,,,,0.78,ge_0.78,0.78,
2025-11-25 13:30:00,range,2871.7,non_compression_regime,,,,0.78,ge_0.78,0.78,
2025-11-25 19:30:00,range,2881.32,non_compression_regime,,,,0.78,ge_0.78,0.78,
2025-11-25 20:30:00,range,2895.45,non_compression_regime,,,,0.78,ge_0.78,0.78,
2025-11-25 21:30:00,range,2929.33,non_compression_regime,,,,0.78,ge_0.78,0.78,
2025-11-26 00:30:00,high_volatility,2922.95,non_compression_regime,,,,0.78,ge_0.78,0.78,
2025-11-26 01:30:00,high_volatility,2929.1,non_compression_regime,,,,0.78,ge_0.78,0.78,
2025-11-26 08:30:00,high_volatility,2927.2,non_compression_regime,,,,0.78,ge_0.78,0.78,
2025-11-26 13:30:00,range,2913.04,non_compression_regime,,,,0.78,ge_0.78,0.78,
2025-11-26 17:30:00,range,2901.6,non_compression_regime,,,,0.78,ge_0.78,0.78,
2025-11-26 19:30:00,range,2910.8,non_compression_regime,,,,0.78,ge_0.78,0.78,
2025-11-26 20:30:00,range,2927.41,non_compression_regime,,,,0.78,ge_0.78,0.78,
2025-11-26 21:30:00,range,2946.25,non_compression_regime,,,,0.78,ge_0.78,0.78,
2025-11-27 00:30:00,range,3032.28,non_compression_regime,,,,0.78,ge_0.78,0.78,
2025-11-27 01:30:00,range,3024.86,non_compression_regime,,,,0.78,ge_0.78,0.78,
2025-11-27 02:30:00,trend_up,3021.7,non_compression_regime,,,,0.78,ge_0.78,0.78,
2025-11-27 03:30:00,trend_up,3027.88,non_compression_regime,,,,0.78,ge_0.78,0.78,
2025-11-27 04:30:00,trend_up,3026.56,non_compression_regime,,,,0.78,ge_0.78,0.78,
2025-11-27 17:30:00,range,2991.3,non_compression_regime,,,,0.78,ge_0.78,0.78,
2025-11-27 20:30:00,range,3010.97,non_compression_regime,,,,0.78,ge_0.78,0.78,
2025-11-27 22:30:00,range,3020.03,non_compression_regime,,,,0.78,ge_0.78,0.78,
2025-11-28 12:30:00,compression,3001.91,outside_band_or_negative_prediction,0.10528573692072939,0.0,1.0,0.78,ge_0.78,0.78,
2025-11-28 16:30:00,range,3034.02,non_compression_regime,,,,0.78,ge_0.78,0.78,
2025-11-28 17:30:00,range,3036.08,non_compression_regime,,,,0.78,ge_0.78,0.78,
2025-11-28 21:30:00,range,3025.59,non_compression_regime,,,,0.78,ge_0.78,0.78,
2025-11-28 22:30:00,range,3034.78,non_compression_regime,,,,0.78,ge_0.78,0.78,
2025-11-29 19:30:00,compression,2988.28,outside_band_or_negative_prediction,0.4768938575607761,0.0,1.0,0.78,ge_0.78,0.78,
2025-12-01 11:30:00,trend_down,2824.56,non_compression_regime,,,,0.78,ge_0.78,0.78,
2025-12-01 21:30:00,high_volatility,2731.47,non_compression_regime,,,,0.78,ge_0.78,0.78,
2025-12-02 01:30:00,high_volatility,2757.82,non_compression_regime,,,,0.78,ge_0.78,0.78,
2025-12-02 12:30:00,range,2805.65,non_compression_regime,,,,0.78,ge_0.78,0.78,
2025-12-02 13:30:00,range,2798.18,non_compression_regime,,,,0.78,ge_0.78,0.78,
2025-12-02 14:30:00,range,2798.05,non_compression_regime,,,,0.78,ge_0.78,0.78,
2025-12-02 15:30:00,range,2823.13,non_compression_regime,,,,0.78,ge_0.78,0.78,
2025-12-02 16:30:00,range,2826.18,non_compression_regime,,,,0.78,ge_0.78,0.78,
2025-12-02 17:30:00,range,2827.86,non_compression_regime,,,,0.78,ge_0.78,0.78,
2025-12-02 18:30:00,range,2844.73,non_compression_regime,,,,0.78,ge_0.78,0.78,
2025-12-02 19:30:00,trend_up,2894.98,non_compression_regime,,,,0.78,ge_0.78,0.78,
2025-12-02 21:30:00,trend_up,2995.58,non_compression_regime,,,,0.78,ge_0.78,0.78,
2025-12-03 01:30:00,trend_up,2979.72,non_compression_regime,,,,0.78,ge_0.78,0.78,
2025-12-03 02:30:00,trend_up,2995.45,non_compression_regime,,,,0.78,ge_0.78,0.78,
2025-12-03 04:30:00,trend_up,2996.07,non_compression_regime,,,,0.78,ge_0.78,0.78,
2025-12-03 05:30:00,trend_up,3003.2,non_compression_regime,,,,0.78,ge_0.78,0.78,
2025-12-03 06:30:00,trend_up,3015.84,non_compression_regime,,,,0.78,ge_0.78,0.78,
2025-12-03 07:30:00,trend_up,3031.0,non_compression_regime,,,,0.78,ge_0.78,0.78,
2025-12-03 08:30:00,trend_up,3030.75,non_compression_regime,,,,0.78,ge_0.78,0.78,
2025-12-03 12:30:00,trend_up,3057.44,non_compression_regime,,,,0.78,ge_0.78,0.78,
2025-12-03 13:30:00,trend_up,3050.77,non_compression_regime,,,,0.78,ge_0.78,0.78,
2025-12-03 17:30:00,range,3081.14,non_compression_regime,,,,0.78,ge_0.78,0.78,
2025-12-03 19:30:00,range,3076.53,non_compression_regime,,,,0.78,ge_0.78,0.78,
2025-12-03 20:30:00,range,3086.12,non_compression_regime,,,,0.78,ge_0.78,0.78,
2025-12-03 21:30:00,range,3088.35,non_compression_regime,,,,0.78,ge_0.78,0.78,
2025-12-03 23:30:00,range,3115.3,non_compression_regime,,,,0.78,ge_0.78,0.78,
2025-12-04 00:30:00,range,3128.2,non_compression_regime,,,,0.78,ge_0.78,0.78,
2025-12-04 01:30:00,range,3138.26,non_compression_regime,,,,0.78,ge_0.78,0.78,
2025-12-04 02:30:00,range,3164.42,non_compression_regime,,,,0.78,ge_0.78,0.78,
2025-12-04 03:30:00,high_volatility,3189.22,non_compression_regime,,,,0.78,ge_0.78,0.78,
2025-12-04 04:30:00,high_volatility,3188.36,non_compression_regime,,,,0.78,ge_0.78,0.78,
2025-12-04 05:30:00,high_volatility,3198.29,non_compression_regime,,,,0.78,ge_0.78,0.78,
2025-12-04 10:30:00,range,3185.31,non_compression_regime,,,,0.78,ge_0.78,0.78,
2025-12-05 00:30:00,trend_down,3119.27,non_compression_regime,,,,0.78,ge_0.78,0.78,
2025-12-05 02:30:00,trend_down,3123.34,non_compression_regime,,,,0.78,ge_0.78,0.78,
2025-12-05 03:30:00,trend_down,3143.66,non_compression_regime,,,,0.78,ge_0.78,0.78,
2025-12-05 04:30:00,trend_down,3133.26,non_compression_regime,,,,0.78,ge_0.78,0.78,
2025-12-05 05:30:00,trend_down,3146.68,non_compression_regime,,,,0.78,ge_0.78,0.78,
2025-12-05 06:30:00,trend_down,3163.56,non_compression_regime,,,,0.78,ge_0.78,0.78,
2025-12-05 23:30:00,trend_down,3007.53,non_compression_regime,,,,0.78,ge_0.78,0.78,
2025-12-06 02:30:00,trend_down,3020.22,non_compression_regime,,,,0.78,ge_0.78,0.78,
2025-12-06 04:30:00,trend_down,3021.78,non_compression_regime,,,,0.78,ge_0.78,0.78,
2025-12-06 13:30:00,range,3014.45,non_compression_regime,,,,0.78,ge_0.78,0.78,
2025-12-06 14:30:00,range,3030.0,non_compression_regime,,,,0.78,ge_0.78,0.78,
2025-12-06 15:30:00,range,3030.65,non_compression_regime,,,,0.78,ge_0.78,0.78,
2025-12-06 19:30:00,compression,3055.11,outside_band_or_negative_prediction,0.04348458857770912,0.0,0.0,0.78,ge_0.78,0.78,
2025-12-07 14:30:00,compression,3030.37,outside_band_or_negative_prediction,0.2103917724332889,0.0,1.0,0.78,ge_0.78,0.78,
2025-12-07 18:30:00,compression,3031.55,outside_band_or_negative_prediction,0.3821237248579159,0.0,0.0,0.78,ge_0.78,0.78,
2025-12-07 19:30:00,range,2942.65,non_compression_regime,,,,0.78,ge_0.78,0.78,
2025-12-07 20:30:00,range,3027.01,non_compression_regime,,,,0.78,ge_0.78,0.78,
2025-12-07 21:30:00,range,3039.97,non_compression_regime,,,,0.78,ge_0.78,0.78,
2025-12-08 03:30:00,high_volatility,3033.59,non_compression_regime,,,,0.78,ge_0.78,0.78,
2025-12-08 04:30:00,trend_up,3059.85,non_compression_regime,,,,0.78,ge_0.78,0.78,
2025-12-08 05:30:00,trend_up,3063.23,non_compression_regime,,,,0.78,ge_0.78,0.78,
2025-12-08 06:30:00,trend_up,3098.25,non_compression_regime,,,,0.78,ge_0.78,0.78,
2025-12-08 07:30:00,trend_up,3109.77,non_compression_regime,,,,0.78,ge_0.78,0.78,
2025-12-08 08:30:00,trend_up,3111.01,non_compression_regime,,,,0.78,ge_0.78,0.78,
2025-12-08 09:30:00,trend_up,3128.44,non_compression_regime,,,,0.78,ge_0.78,0.78,
2025-12-08 10:30:00,trend_up,3130.63,non_compression_regime,,,,0.78,ge_0.78,0.78,
2025-12-08 11:30:00,trend_up,3130.53,non_compression_regime,,,,0.78,ge_0.78,0.78,
2025-12-08 12:30:00,trend_up,3134.31,non_compression_regime,,,,0.78,ge_0.78,0.78,
2025-12-08 20:30:00,range,3101.54,non_compression_regime,,,,0.78,ge_0.78,0.78,
2025-12-09 11:30:00,range,3113.06,non_compression_regime,,,,0.78,ge_0.78,0.78,
2025-12-09 20:30:00,range,3245.88,non_compression_regime,,,,0.78,ge_0.78,0.78,
2025-12-10 02:30:00,trend_up,3301.9,non_compression_regime,,,,0.78,ge_0.78,0.78,
2025-12-10 05:30:00,trend_up,3305.98,non_compression_regime,,,,0.78,ge_0.78,0.78,
2025-12-10 06:30:00,trend_up,3302.93,non_compression_regime,,,,0.78,ge_0.78,0.78,
2025-12-10 15:30:00,high_volatility,3312.36,non_compression_regime,,,,0.78,ge_0.78,0.78,
2025-12-10 16:30:00,range,3318.39,non_compression_regime,,,,0.78,ge_0.78,0.78,
2025-12-10 17:30:00,range,3324.56,non_compression_regime,,,,0.78,ge_0.78,0.78,
2025-12-11 08:30:00,trend_down,3191.42,non_compression_regime,,,,0.78,ge_0.78,0.78,
2025-12-11 19:30:00,trend_down,3159.76,non_compression_regime,,,,0.78,ge_0.78,0.78,
2025-12-11 20:30:00,trend_down,3179.25,non_compression_regime,,,,0.78,ge_0.78,0.78,
2025-12-11 21:30:00,trend_down,3175.08,non_compression_regime,,,,0.78,ge_0.78,0.78,
2025-12-11 22:30:00,trend_down,3181.52,non_compression_regime,,,,0.78,ge_0.78,0.78,
2025-12-11 23:30:00,trend_down,3203.47,non_compression_regime,,,,0.78,ge_0.78,0.78,
2025-12-12 00:30:00,trend_down,3194.51,non_compression_regime,,,,0.78,ge_0.78,0.78,
2025-12-12 01:30:00,range,3221.73,non_compression_regime,,,,0.78,ge_0.78,0.78,
2025-12-12 05:30:00,high_volatility,3189.24,non_compression_regime,,,,0.78,ge_0.78,0.78,
2025-12-12 06:30:00,trend_up,3234.7,non_compression_regime,,,,0.78,ge_0.78,0.78,
2025-12-12 21:30:00,range,3069.46,non_compression_regime,,,,0.78,ge_0.78,0.78,
2025-12-12 22:30:00,trend_down,3066.3,non_compression_regime,,,,0.78,ge_0.78,0.78,
2025-12-13 00:30:00,trend_down,3073.74,non_compression_regime,,,,0.78,ge_0.78,0.78,
2025-12-13 07:30:00,trend_down,3084.73,non_compression_regime,,,,0.78,ge_0.78,0.78,
2025-12-14 02:30:00,compression,3111.63,outside_band_or_negative_prediction,0.02603360927845354,0.0,0.0,0.78,ge_0.78,0.78,
2025-12-14 05:30:00,compression,3119.31,outside_band_or_negative_prediction,0.08917222196932444,0.0,0.0,0.78,ge_0.78,0.78,
2025-12-14 14:30:00,compression,3109.16,outside_band_or_negative_prediction,0.33632992905681197,0.0,0.0,0.78,ge_0.78,0.78,
2025-12-14 15:30:00,compression,3107.57,outside_band_or_negative_prediction,0.058113005674762575,0.0,0.0,0.78,ge_0.78,0.78,
2025-12-14 16:30:00,compression,3084.84,outside_band_or_negative_prediction,0.6908192248925887,1.0,0.0,0.78,ge_0.78,0.78,
2025-12-14 17:30:00,compression,3098.54,outside_band_or_negative_prediction,0.07321142989432494,0.0,0.0,0.78,ge_0.78,0.78,
2025-12-14 18:30:00,compression,3101.54,outside_band_or_negative_prediction,0.2394141315445904,0.0,0.0,0.78,ge_0.78,0.78,
2025-12-15 03:30:00,range,3074.24,non_compression_regime,,,,0.78,ge_0.78,0.78,
2025-12-15 04:30:00,range,3063.5,non_compression_regime,,,,0.78,ge_0.78,0.78,
2025-12-15 05:30:00,range,3074.72,non_compression_regime,,,,0.78,ge_0.78,0.78,
2025-12-15 06:30:00,range,3108.54,non_compression_regime,,,,0.78,ge_0.78,0.78,
2025-12-15 07:30:00,range,3120.27,non_compression_regime,,,,0.78,ge_0.78,0.78,
2025-12-15 11:30:00,range,3137.28,non_compression_regime,,,,0.78,ge_0.78,0.78,
2025-12-15 12:30:00,range,3128.9,non_compression_regime,,,,0.78,ge_0.78,0.78,
2025-12-15 13:30:00,range,3139.84,non_compression_regime,,,,0.78,ge_0.78,0.78,
2025-12-15 22:30:00,trend_down,2937.19,non_compression_regime,,,,0.78,ge_0.78,0.78,
2025-12-15 23:30:00,trend_down,2938.0,non_compression_regime,,,,0.78,ge_0.78,0.78,
2025-12-16 00:30:00,trend_down,2940.3,non_compression_regime,,,,0.78,ge_0.78,0.78,
2025-12-16 01:30:00,trend_down,2929.18,non_compression_regime,,,,0.78,ge_0.78,0.78,
2025-12-16 02:30:00,trend_down,2946.23,non_compression_regime,,,,0.78,ge_0.78,0.78,
2025-12-16 09:30:00,trend_down,2918.17,non_compression_regime,,,,0.78,ge_0.78,0.78,
2025-12-16 10:30:00,trend_down,2922.85,non_compression_regime,,,,0.78,ge_0.78,0.78,
2025-12-16 18:30:00,range,2910.67,non_compression_regime,,,,0.78,ge_0.78,0.78,
2025-12-17 14:30:00,range,2923.25,non_compression_regime,,,,0.78,ge_0.78,0.78,
2025-12-17 15:30:00,range,2920.44,non_compression_regime,,,,0.78,ge_0.78,0.78,
2025-12-17 16:30:00,range,2928.71,non_compression_regime,,,,0.78,ge_0.78,0.78,
2025-12-17 17:30:00,range,2925.36,non_compression_regime,,,,0.78,ge_0.78,0.78,
2025-12-17 18:30:00,range,2944.52,non_compression_regime,,,,0.78,ge_0.78,0.78,
2025-12-17 23:30:00,high_volatility,2813.88,non_compression_regime,,,,0.78,ge_0.78,0.78,
2025-12-18 02:30:00,trend_down,2819.93,non_compression_regime,,,,0.78,ge_0.78,0.78,
2025-12-18 10:30:00,range,2825.44,non_compression_regime,,,,0.78,ge_0.78,0.78,
2025-12-18 11:30:00,range,2831.35,non_compression_regime,,,,0.78,ge_0.78,0.78,
2025-12-18 12:30:00,range,2836.45,non_compression_regime,,,,0.78,ge_0.78,0.78,
2025-12-18 13:30:00,range,2841.64,non_compression_regime,,,,0.78,ge_0.78,0.78,
2025-12-18 14:30:00,range,2852.72,non_compression_regime,,,,0.78,ge_0.78,0.78,
2025-12-18 15:30:00,range,2859.42,non_compression_regime,,,,0.78,ge_0.78,0.78,
2025-12-18 16:30:00,range,2859.09,non_compression_regime,,,,0.78,ge_0.78,0.78,
2025-12-19 00:30:00,high_volatility,2781.93,non_compression_regime,,,,0.78,ge_0.78,0.78,
2025-12-19 01:30:00,high_volatility,2781.26,non_compression_regime,,,,0.78,ge_0.78,0.78,
2025-12-19 02:30:00,high_volatility,2829.79,non_compression_regime,,,,0.78,ge_0.78,0.78,
2025-12-19 08:30:00,high_volatility,2909.01,non_compression_regime,,,,0.78,ge_0.78,0.78,
2025-12-19 09:30:00,high_volatility,2921.13,non_compression_regime,,,,0.78,ge_0.78,0.78,
2025-12-19 13:30:00,trend_up,2950.9,non_compression_regime,,,,0.78,ge_0.78,0.78,
2025-12-19 14:30:00,trend_up,2955.23,non_compression_regime,,,,0.78,ge_0.78,0.78,
2025-12-19 15:30:00,trend_up,2954.33,non_compression_regime,,,,0.78,ge_0.78,0.78,
2025-12-19 17:30:00,trend_up,2956.19,non_compression_regime,,,,0.78,ge_0.78,0.78,
2025-12-19 22:30:00,trend_up,2940.0,non_compression_regime,,,,0.78,ge_0.78,0.78,
2025-12-19 23:30:00,trend_up,2966.32,non_compression_regime,,,,0.78,ge_0.78,0.78,
2025-12-21 06:30:00,compression,2967.53,outside_band_or_negative_prediction,0.4888817892594427,0.0,0.0,0.78,ge_0.78,0.78,
2025-12-22 12:30:00,range,3029.67,non_compression_regime,,,,0.78,ge_0.78,0.78,
2025-12-22 13:30:00,range,3027.84,non_compression_regime,,,,0.78,ge_0.78,0.78,
2025-12-22 14:30:00,range,3041.67,non_compression_regime,,,,0.78,ge_0.78,0.78,
2025-12-22 15:30:00,range,3040.62,non_compression_regime,,,,0.78,ge_0.78,0.78,
2025-12-23 00:30:00,range,2980.44,non_compression_regime,,,,0.78,ge_0.78,0.78,
2025-12-23 02:30:00,range,2988.68,non_compression_regime,,,,0.78,ge_0.78,0.78,
2025-12-23 04:30:00,range,3009.49,non_compression_regime,,,,0.78,ge_0.78,0.78,
2025-12-23 19:30:00,trend_down,2917.21,non_compression_regime,,,,0.78,ge_0.78,0.78,
2025-12-23 20:30:00,trend_down,2928.59,non_compression_regime,,,,0.78,ge_0.78,0.78,
2025-12-23 22:30:00,trend_down,2910.96,non_compression_regime,,,,0.78,ge_0.78,0.78,
2025-12-23 23:30:00,trend_down,2947.25,non_compression_regime,,,,0.78,ge_0.78,0.78,
2025-12-24 00:30:00,trend_down,2943.92,non_compression_regime,,,,0.78,ge_0.78,0.78,
2025-12-24 19:30:00,range,2914.71,non_compression_regime,,,,0.78,ge_0.78,0.78,
2025-12-24 20:30:00,range,2925.55,non_compression_regime,,,,0.78,ge_0.78,0.78,
2025-12-24 21:30:00,range,2940.45,non_compression_regime,,,,0.78,ge_0.78,0.78,
2025-12-24 22:30:00,range,2937.23,non_compression_regime,,,,0.78,ge_0.78,0.78,
2025-12-25 13:30:00,compression,2930.35,outside_band_or_negative_prediction,0.265299366409637,0.0,0.0,0.78,ge_0.78,0.78,
2025-12-25 18:30:00,compression,2930.96,outside_band_or_negative_prediction,0.3867883424796024,0.0,1.0,0.78,ge_0.78,0.78,
2025-12-25 20:30:00,compression,2961.14,outside_band_or_negative_prediction,0.005977898031329285,0.0,0.0,0.78,ge_0.78,0.78,
2025-12-25 21:30:00,compression,2948.34,outside_band_or_negative_prediction,0.5981692755235816,1.0,0.0,0.78,ge_0.78,0.78,
2025-12-25 22:30:00,compression,2952.59,outside_band_or_negative_prediction,0.0510098631178738,0.0,0.0,0.78,ge_0.78,0.78,
2025-12-26 03:30:00,compression,2921.56,outside_band_or_negative_prediction,0.24192509690984898,0.0,0.0,0.78,ge_0.78,0.78,
2025-12-26 12:30:00,range,2956.83,non_compression_regime,,,,0.78,ge_0.78,0.78,
2025-12-26 13:30:00,range,2964.54,non_compression_regime,,,,0.78,ge_0.78,0.78,
2025-12-26 16:30:00,range,2964.75,non_compression_regime,,,,0.78,ge_0.78,0.78,
2025-12-27 21:30:00,compression,2920.56,outside_band_or_negative_prediction,0.4829707292621712,0.0,0.0,0.78,ge_0.78,0.78,
2025-12-28 03:30:00,compression,2933.27,outside_band_or_negative_prediction,0.011633831194990804,0.0,0.0,0.78,ge_0.78,0.78,
2025-12-28 04:30:00,compression,2949.05,outside_band_or_negative_prediction,0.30958820556016464,0.0,0.0,0.78,ge_0.78,0.78,
2025-12-28 05:30:00,compression,2945.5,outside_band_or_negative_prediction,0.6415768885965121,1.0,0.0,0.78,ge_0.78,0.78,
2025-12-28 10:30:00,compression,2935.05,outside_band_or_negative_prediction,0.7535752739405909,1.0,0.0,0.78,ge_0.78,0.78,
2025-12-30 08:30:00,range,2951.91,non_compression_regime,,,,0.78,ge_0.78,0.78,
2025-12-30 09:30:00,range,2946.19,non_compression_regime,,,,0.78,ge_0.78,0.78,
2025-12-30 10:30:00,range,2941.74,non_compression_regime,,,,0.78,ge_0.78,0.78,
2025-12-31 01:30:00,range,2958.84,non_compression_regime,,,,0.78,ge_0.78,0.78,
2025-12-31 16:30:00,compression,3002.2,outside_band_or_negative_prediction,0.18729204457056176,0.0,0.0,0.78,ge_0.78,0.78,
2025-12-31 17:30:00,compression,2987.25,outside_band_or_negative_prediction,0.06752428787948246,0.0,0.0,0.78,ge_0.78,0.78,
2025-12-31 19:30:00,compression,2993.75,outside_band_or_negative_prediction,0.5716990737049336,1.0,0.0,0.78,ge_0.78,0.78,
2025-12-31 20:30:00,compression,2985.76,outside_band_or_negative_prediction,0.4422030163472637,0.0,0.0,0.78,ge_0.78,0.78,
2025-12-31 21:30:00,compression,2976.03,outside_band_or_negative_prediction,0.6436431641206152,1.0,0.0,0.78,ge_0.78,0.78,
2026-01-01 21:30:00,compression,2982.29,outside_band_or_negative_prediction,0.21336270868441473,0.0,0.0,0.78,ge_0.78,0.78,
2026-01-01 22:30:00,compression,2990.44,outside_band_or_negative_prediction,0.3308245282208928,0.0,0.0,0.78,ge_0.78,0.78,
2026-01-02 04:30:00,compression,3004.19,outside_band_or_negative_prediction,0.286156038359296,0.0,1.0,0.78,ge_0.78,0.78,
2026-01-02 08:30:00,compression,3022.53,outside_band_or_negative_prediction,0.4480758779256806,0.0,1.0,0.78,ge_0.78,0.78,
2026-01-02 11:30:00,compression,3026.9,outside_band_or_negative_prediction,0.5827763589655326,1.0,1.0,0.78,ge_0.78,0.78,
2026-01-04 11:30:00,compression,3140.0,outside_band_or_negative_prediction,0.4760891364703429,0.0,0.0,0.78,ge_0.78,0.78,
2026-01-05 22:30:00,range,3213.38,non_compression_regime,,,,0.78,ge_0.78,0.78,
2026-01-06 05:30:00,range,3216.1,non_compression_regime,,,,0.78,ge_0.78,0.78,
2026-01-06 06:30:00,range,3218.32,non_compression_regime,,,,0.78,ge_0.78,0.78,
2026-01-06 07:30:00,range,3217.1,non_compression_regime,,,,0.78,ge_0.78,0.78,
2026-01-06 10:30:00,range,3218.72,non_compression_regime,,,,0.78,ge_0.78,0.78,
2026-01-06 12:30:00,range,3219.24,non_compression_regime,,,,0.78,ge_0.78,0.78,
2026-01-06 13:30:00,range,3220.14,non_compression_regime,,,,0.78,ge_0.78,0.78,
2026-01-06 14:30:00,range,3223.0,non_compression_regime,,,,0.78,ge_0.78,0.78,
2026-01-06 15:30:00,range,3228.94,non_compression_regime,,,,0.78,ge_0.78,0.78,
2026-01-06 16:30:00,range,3238.08,non_compression_regime,,,,0.78,ge_0.78,0.78,
2026-01-06 22:30:00,range,3196.43,non_compression_regime,,,,0.78,ge_0.78,0.78,
2026-01-06 23:30:00,range,3218.91,non_compression_regime,,,,0.78,ge_0.78,0.78,
2026-01-07 06:30:00,range,3245.04,non_compression_regime,,,,0.78,ge_0.78,0.78,
2026-01-07 23:30:00,trend_down,3146.37,non_compression_regime,,,,0.78,ge_0.78,0.78,
2026-01-08 00:30:00,trend_down,3146.02,non_compression_regime,,,,0.78,ge_0.78,0.78,
2026-01-08 01:30:00,trend_down,3139.18,non_compression_regime,,,,0.78,ge_0.78,0.78,
2026-01-08 02:30:00,trend_down,3150.11,non_compression_regime,,,,0.78,ge_0.78,0.78,
2026-01-08 03:30:00,trend_down,3153.0,non_compression_regime,,,,0.78,ge_0.78,0.78,
2026-01-08 11:30:00,range,3105.38,non_compression_regime,,,,0.78,ge_0.78,0.78,
2026-01-08 19:30:00,range,3077.4,non_compression_regime,,,,0.78,ge_0.78,0.78,
2026-01-08 20:30:00,range,3104.2,non_compression_regime,,,,0.78,ge_0.78,0.78,
2026-01-09 17:30:00,range,3084.55,non_compression_regime,,,,0.78,ge_0.78,0.78,
2026-01-09 19:30:00,range,3078.93,non_compression_regime,,,,0.78,ge_0.78,0.78,
2026-01-09 20:30:00,range,3112.08,non_compression_regime,,,,0.78,ge_0.78,0.78,
2026-01-11 03:30:00,compression,3080.74,outside_band_or_negative_prediction,0.10859250613188265,0.0,0.0,0.78,ge_0.78,0.78,
2026-01-11 13:30:00,compression,3103.38,outside_band_or_negative_prediction,0.11035750717870962,0.0,1.0,0.78,ge_0.78,0.78,
2026-01-11 14:30:00,compression,3104.42,outside_band_or_negative_prediction,0.0192964218917619,0.0,1.0,0.78,ge_0.78,0.78,
2026-01-11 15:30:00,compression,3107.76,outside_band_or_negative_prediction,0.015048906797092355,0.0,1.0,0.78,ge_0.78,0.78,
2026-01-11 17:30:00,compression,3114.16,outside_band_or_negative_prediction,0.0006114672276763351,0.0,0.0,0.78,ge_0.78,0.78,
2026-01-11 18:30:00,compression,3109.46,outside_band_or_negative_prediction,0.001070815479871979,0.0,1.0,0.78,ge_0.78,0.78,
2026-01-11 19:30:00,compression,3125.46,outside_band_or_negative_prediction,0.00032421354548382283,0.0,0.0,0.78,ge_0.78,0.78,
2026-01-11 20:30:00,compression,3118.22,outside_band_or_negative_prediction,0.0029181825044205653,0.0,0.0,0.78,ge_0.78,0.78,
2026-01-11 21:30:00,compression,3129.44,outside_band_or_negative_prediction,0.0009404589293254826,0.0,0.0,0.78,ge_0.78,0.78,
2026-01-11 22:30:00,compression,3126.89,outside_band_or_negative_prediction,0.0020628344870647548,0.0,0.0,0.78,ge_0.78,0.78,
2026-01-12 01:30:00,compression,3115.1,outside_band_or_negative_prediction,0.3614698228842599,0.0,1.0,0.78,ge_0.78,0.78,
2026-01-12 03:30:00,compression,3109.61,outside_band_or_negative_prediction,0.7057616764327833,1.0,1.0,0.78,ge_0.78,0.78,
2026-01-13 19:30:00,compression,3145.01,outside_band_or_negative_prediction,0.010705162550363155,0.0,1.0,0.78,ge_0.78,0.78,
2026-01-13 20:30:00,range,3184.41,non_compression_regime,,,,0.78,ge_0.78,0.78,
2026-01-13 21:30:00,range,3180.79,non_compression_regime,,,,0.78,ge_0.78,0.78,
2026-01-13 22:30:00,range,3180.15,non_compression_regime,,,,0.78,ge_0.78,0.78,
2026-01-13 23:30:00,trend_up,3201.14,non_compression_regime,,,,0.78,ge_0.78,0.78,
2026-01-14 00:30:00,trend_up,3215.9,non_compression_regime,,,,0.78,ge_0.78,0.78,
2026-01-14 01:30:00,trend_up,3204.59,non_compression_regime,,,,0.78,ge_0.78,0.78,
2026-01-14 02:30:00,trend_up,3209.81,non_compression_regime,,,,0.78,ge_0.78,0.78,
2026-01-14 03:30:00,trend_up,3331.18,non_compression_regime,,,,0.78,ge_0.78,0.78,
2026-01-14 04:30:00,trend_up,3325.82,non_compression_regime,,,,0.78,ge_0.78,0.78,
2026-01-14 05:30:00,trend_up,3324.57,non_compression_regime,,,,0.78,ge_0.78,0.78,
2026-01-14 07:30:00,trend_up,3327.11,non_compression_regime,,,,0.78,ge_0.78,0.78,
2026-01-14 16:30:00,high_volatility,3286.22,non_compression_regime,,,,0.78,ge_0.78,0.78,
2026-01-14 19:30:00,range,3349.21,non_compression_regime,,,,0.78,ge_0.78,0.78,
2026-01-14 20:30:00,range,3345.81,non_compression_regime,,,,0.78,ge_0.78,0.78,
2026-01-14 22:30:00,range,3342.41,non_compression_regime,,,,0.78,ge_0.78,0.78,
2026-01-14 23:30:00,range,3339.41,non_compression_regime,,,,0.78,ge_0.78,0.78,
2026-01-15 10:30:00,range,3310.59,non_compression_regime,,,,0.78,ge_0.78,0.78,
2026-01-15 11:30:00,range,3315.99,non_compression_regime,,,,0.78,ge_0.78,0.78,
2026-01-15 12:30:00,range,3330.0,non_compression_regime,,,,0.78,ge_0.78,0.78,
2026-01-15 13:30:00,range,3336.45,non_compression_regime,,,,0.78,ge_0.78,0.78,
2026-01-16 00:30:00,range,3295.48,non_compression_regime,,,,0.78,ge_0.78,0.78,
2026-01-16 01:30:00,range,3288.23,non_compression_regime,,,,0.78,ge_0.78,0.78,
2026-01-16 09:30:00,range,3287.97,non_compression_regime,,,,0.78,ge_0.78,0.78,
2026-01-16 19:30:00,compression,3294.12,outside_band_or_negative_prediction,0.7056017564465517,1.0,0.0,0.78,ge_0.78,0.78,
2026-01-17 20:30:00,compression,3329.95,outside_band_or_negative_prediction,0.000545403292590518,0.0,0.0,0.78,ge_0.78,0.78,
2026-01-17 21:30:00,compression,3319.29,outside_band_or_negative_prediction,0.00015356028303251402,0.0,0.0,0.78,ge_0.78,0.78,
2026-01-18 14:30:00,compression,3323.2,outside_band_or_negative_prediction,0.4165852914701543,0.0,0.0,0.78,ge_0.78,0.78,
2026-01-18 18:30:00,compression,3325.92,outside_band_or_negative_prediction,0.2921808848053635,0.0,1.0,0.78,ge_0.78,0.78,
2026-01-18 19:30:00,compression,3324.99,outside_band_or_negative_prediction,0.21283510389474977,0.0,1.0,0.78,ge_0.78,0.78,
2026-01-18 23:30:00,compression,3361.85,outside_band_or_negative_prediction,0.005675332616092165,0.0,0.0,0.78,ge_0.78,0.78,
2026-01-19 00:30:00,compression,3346.56,outside_band_or_negative_prediction,0.7231832570437858,1.0,0.0,0.78,ge_0.78,0.78,
2026-01-19 04:30:00,compression,3284.03,outside_band_or_negative_prediction,0.38529633412093567,0.0,0.0,0.78,ge_0.78,0.78,
2026-01-19 10:30:00,trend_down,3203.05,non_compression_regime,,,,0.78,ge_0.78,0.78,
2026-01-19 11:30:00,trend_down,3195.58,non_compression_regime,,,,0.78,ge_0.78,0.78,
2026-01-20 04:30:00,compression,3189.55,outside_band_or_negative_prediction,0.4999906144285548,0.0,0.0,0.78,ge_0.78,0.78,
2026-01-20 10:30:00,compression,3171.35,outside_band_or_negative_prediction,0.07261026769579884,0.0,0.0,0.78,ge_0.78,0.78,
2026-01-21 03:30:00,high_volatility,2951.54,non_compression_regime,,,,0.78,ge_0.78,0.78,
2026-01-21 04:30:00,high_volatility,2939.88,non_compression_regime,,,,0.78,ge_0.78,0.78,
2026-01-21 05:30:00,high_volatility,2960.0,non_compression_regime,,,,0.78,ge_0.78,0.78,
2026-01-21 17:30:00,range,2931.48,non_compression_regime,,,,0.78,ge_0.78,0.78,
2026-01-21 18:30:00,range,2928.13,non_compression_regime,,,,0.78,ge_0.78,0.78,
2026-01-21 19:30:00,range,2981.09,non_compression_regime,,,,0.78,ge_0.78,0.78,
2026-01-21 21:30:00,high_volatility,2891.58,non_compression_regime,,,,0.78,ge_0.78,0.78,
2026-01-21 22:30:00,high_volatility,2903.91,non_compression_regime,,,,0.78,ge_0.78,0.78,
2026-01-21 23:30:00,high_volatility,2927.4,non_compression_regime,,,,0.78,ge_0.78,0.78,
2026-01-22 04:30:00,trend_up,2982.27,non_compression_regime,,,,0.78,ge_0.78,0.78,
2026-01-22 05:30:00,trend_up,3005.39,non_compression_regime,,,,0.78,ge_0.78,0.78,
2026-01-22 20:30:00,range,2942.01,non_compression_regime,,,,0.78,ge_0.78,0.78,
2026-01-23 01:30:00,trend_down,2939.02,non_compression_regime,,,,0.78,ge_0.78,0.78,
2026-01-23 02:30:00,trend_down,2946.4,non_compression_regime,,,,0.78,ge_0.78,0.78,
2026-01-23 03:30:00,trend_down,2951.9,non_compression_regime,,,,0.78,ge_0.78,0.78,
2026-01-23 04:30:00,trend_down,2952.69,non_compression_regime,,,,0.78,ge_0.78,0.78,
2026-01-23 05:30:00,trend_down,2953.61,non_compression_regime,,,,0.78,ge_0.78,0.78,
2026-01-23 07:30:00,range,2952.83,non_compression_regime,,,,0.78,ge_0.78,0.78,
2026-01-23 19:30:00,range,2916.07,non_compression_regime,,,,0.78,ge_0.78,0.78,
2026-01-23 20:30:00,range,2952.75,non_compression_regime,,,,0.78,ge_0.78,0.78,
2026-01-24 02:30:00,range,2943.98,non_compression_regime,,,,0.78,ge_0.78,0.78,
2026-01-25 04:30:00,compression,2953.22,outside_band_or_negative_prediction,0.0520251932933582,0.0,0.0,0.78,ge_0.78,0.78,
2026-01-25 08:30:00,compression,2942.6,outside_band_or_negative_prediction,0.14324789096748208,0.0,0.0,0.78,ge_0.78,0.78,
2026-01-25 09:30:00,compression,2945.29,outside_band_or_negative_prediction,0.47237778009504694,0.0,0.0,0.78,ge_0.78,0.78,
2026-01-25 11:30:00,compression,2944.24,outside_band_or_negative_prediction,0.40829026476797287,0.0,0.0,0.78,ge_0.78,0.78,
2026-01-25 13:30:00,compression,2929.08,outside_band_or_negative_prediction,0.45264579560100265,0.0,0.0,0.78,ge_0.78,0.78,
2026-01-25 14:30:00,compression,2935.75,outside_band_or_negative_prediction,0.46129136040125174,0.0,0.0,0.78,ge_0.78,0.78,
2026-01-25 15:30:00,compression,2945.08,outside_band_or_negative_prediction,0.3598233833413157,0.0,0.0,0.78,ge_0.78,0.78,
2026-01-26 00:30:00,trend_down,2812.96,non_compression_regime,,,,0.78,ge_0.78,0.78,
2026-01-26 01:30:00,trend_down,2809.72,non_compression_regime,,,,0.78,ge_0.78,0.78,
2026-01-26 03:30:00,trend_down,2807.14,non_compression_regime,,,,0.78,ge_0.78,0.78,
2026-01-26 04:30:00,trend_down,2816.89,non_compression_regime,,,,0.78,ge_0.78,0.78,
2026-01-26 05:30:00,trend_down,2841.65,non_compression_regime,,,,0.78,ge_0.78,0.78,
2026-01-26 08:30:00,trend_down,2850.68,non_compression_regime,,,,0.78,ge_0.78,0.78,
2026-01-26 09:30:00,high_volatility,2865.98,non_compression_regime,,,,0.78,ge_0.78,0.78,
2026-01-26 11:30:00,range,2891.64,non_compression_regime,,,,0.78,ge_0.78,0.78,
2026-01-26 15:30:00,range,2896.28,non_compression_regime,,,,0.78,ge_0.78,0.78,
2026-01-26 16:30:00,range,2892.15,non_compression_regime,,,,0.78,ge_0.78,0.78,
2026-01-26 17:30:00,range,2902.69,non_compression_regime,,,,0.78,ge_0.78,0.78,
2026-01-26 18:30:00,range,2909.67,non_compression_regime,,,,0.78,ge_0.78,0.78,
2026-01-26 20:30:00,trend_up,2899.32,non_compression_regime,,,,0.78,ge_0.78,0.78,
2026-01-26 21:30:00,trend_up,2901.5,non_compression_regime,,,,0.78,ge_0.78,0.78,
2026-01-26 22:30:00,trend_up,2909.42,non_compression_regime,,,,0.78,ge_0.78,0.78,
2026-01-27 01:30:00,trend_up,2901.82,non_compression_regime,,,,0.78,ge_0.78,0.78,
2026-01-27 03:30:00,range,2927.22,non_compression_regime,,,,0.78,ge_0.78,0.78,
2026-01-27 05:30:00,range,2921.06,non_compression_regime,,,,0.78,ge_0.78,0.78,
2026-01-27 14:30:00,range,2907.69,non_compression_regime,,,,0.78,ge_0.78,0.78,
2026-01-27 19:30:00,compression,2918.65,outside_band_or_negative_prediction,0.7087163802245477,1.0,1.0,0.78,ge_0.78,0.78,
2026-01-27 20:30:00,compression,2937.45,outside_band_or_negative_prediction,0.13060198518096677,0.0,1.0,0.78,ge_0.78,0.78,
2026-01-27 23:30:00,range,2978.21,non_compression_regime,,,,0.78,ge_0.78,0.78,
2026-01-28 00:30:00,range,2980.48,non_compression_regime,,,,0.78,ge_0.78,0.78,
2026-01-28 09:30:00,trend_up,2999.64,non_compression_regime,,,,0.78,ge_0.78,0.78,
2026-01-28 13:30:00,range,2990.69,non_compression_regime,,,,0.78,ge_0.78,0.78,
2026-01-28 14:30:00,range,3017.44,non_compression_regime,,,,0.78,ge_0.78,0.78,
2026-01-28 21:30:00,range,2999.72,non_compression_regime,,,,0.78,ge_0.78,0.78,
2026-01-29 23:30:00,trend_down,2763.98,non_compression_regime,,,,0.78,ge_0.78,0.78,
2026-01-30 00:30:00,trend_down,2797.53,non_compression_regime,,,,0.78,ge_0.78,0.78,
2026-01-30 07:30:00,trend_down,2736.56,non_compression_regime,,,,0.78,ge_0.78,0.78,
2026-01-30 11:30:00,high_volatility,2718.56,non_compression_regime,,,,0.78,ge_0.78,0.78,
2026-01-30 22:30:00,high_volatility,2712.53,non_compression_regime,,,,0.78,ge_0.78,0.78,
2026-01-31 01:30:00,high_volatility,2680.72,non_compression_regime,,,,0.78,ge_0.78,0.78,
2026-01-31 23:30:00,high_volatility,2381.08,non_compression_regime,,,,0.78,ge_0.78,0.78,
2026-02-01 00:30:00,trend_down,2382.82,non_compression_regime,,,,0.78,ge_0.78,0.78,
2026-02-01 01:30:00,trend_down,2382.61,non_compression_regime,,,,0.78,ge_0.78,0.78,
2026-02-01 02:30:00,trend_down,2419.6,non_compression_regime,,,,0.78,ge_0.78,0.78,
2026-02-01 03:30:00,trend_down,2419.59,non_compression_regime,,,,0.78,ge_0.78,0.78,
2026-02-01 21:30:00,high_volatility,2304.06,non_compression_regime,,,,0.78,ge_0.78,0.78,
2026-02-01 22:30:00,high_volatility,2313.96,non_compression_regime,,,,0.78,ge_0.78,0.78,
2026-02-02 02:30:00,high_volatility,2290.58,non_compression_regime,,,,0.78,ge_0.78,0.78,
2026-02-02 04:30:00,high_volatility,2270.15,non_compression_regime,,,,0.78,ge_0.78,0.78,
2026-02-02 10:30:00,high_volatility,2198.02,non_compression_regime,,,,0.78,ge_0.78,0.78,
2026-02-02 11:30:00,high_volatility,2227.44,non_compression_regime,,,,0.78,ge_0.78,0.78,
2026-02-02 12:30:00,high_volatility,2228.93,non_compression_regime,,,,0.78,ge_0.78,0.78,
2026-02-02 16:30:00,high_volatility,2282.32,non_compression_regime,,,,0.78,ge_0.78,0.78,
2026-02-02 19:30:00,high_volatility,2328.94,non_compression_regime,,,,0.78,ge_0.78,0.78,
2026-02-03 01:30:00,trend_up,2322.07,non_compression_regime,,,,0.78,ge_0.78,0.78,
2026-02-03 16:30:00,high_volatility,2276.68,non_compression_regime,,,,0.78,ge_0.78,0.78,
2026-02-03 19:30:00,trend_down,2257.2,non_compression_regime,,,,0.78,ge_0.78,0.78,
2026-02-03 23:30:00,trend_down,2120.65,non_compression_regime,,,,0.78,ge_0.78,0.78,
2026-02-04 00:30:00,trend_down,2205.28,non_compression_regime,,,,0.78,ge_0.78,0.78,
2026-02-04 03:30:00,trend_down,2236.38,non_compression_regime,,,,0.78,ge_0.78,0.78,
2026-02-04 04:30:00,trend_down,2233.72,non_compression_regime,,,,0.78,ge_0.78,0.78,
2026-02-04 05:30:00,trend_down,2241.02,non_compression_regime,,,,0.78,ge_0.78,0.78,
2026-02-04 22:30:00,trend_down,2126.07,non_compression_regime,,,,0.78,ge_0.78,0.78,
2026-02-04 23:30:00,trend_down,2147.97,non_compression_regime,,,,0.78,ge_0.78,0.78,
2026-02-05 03:30:00,trend_down,2120.16,non_compression_regime,,,,0.78,ge_0.78,0.78,
2026-02-05 11:30:00,high_volatility,2087.57,non_compression_regime,,,,0.78,ge_0.78,0.78,
2026-02-05 20:30:00,high_volatility,1961.12,non_compression_regime,,,,0.78,ge_0.78,0.78,
2026-02-06 02:30:00,high_volatility,1850.48,non_compression_regime,,,,0.78,ge_0.78,0.78,
2026-02-06 04:30:00,trend_down,1826.83,non_compression_regime,,,,0.78,ge_0.78,0.78,
2026-02-06 05:30:00,high_volatility,1870.61,non_compression_regime,,,,0.78,ge_0.78,0.78,
2026-02-06 13:30:00,high_volatility,1874.46,non_compression_regime,,,,0.78,ge_0.78,0.78,
2026-02-06 14:30:00,high_volatility,1919.0,non_compression_regime,,,,0.78,ge_0.78,0.78,
2026-02-06 15:30:00,high_volatility,1926.94,non_compression_regime,,,,0.78,ge_0.78,0.78,
2026-02-06 19:30:00,trend_up,1978.88,non_compression_regime,,,,0.78,ge_0.78,0.78,
2026-02-06 20:30:00,trend_up,1980.81,non_compression_regime,,,,0.78,ge_0.78,0.78,
2026-02-06 21:30:00,trend_up,2036.17,non_compression_regime,,,,0.78,ge_0.78,0.78,
2026-02-06 23:30:00,trend_up,2044.61,non_compression_regime,,,,0.78,ge_0.78,0.78,
2026-02-07 01:30:00,trend_up,2054.23,non_compression_regime,,,,0.78,ge_0.78,0.78,
2026-02-07 02:30:00,trend_up,2053.97,non_compression_regime,,,,0.78,ge_0.78,0.78,
2026-02-07 05:30:00,trend_up,2043.5,non_compression_regime,,,,0.78,ge_0.78,0.78,
2026-02-07 06:30:00,trend_up,2061.94,non_compression_regime,,,,0.78,ge_0.78,0.78,
2026-02-07 07:30:00,trend_up,2059.39,non_compression_regime,,,,0.78,ge_0.78,0.78,
2026-02-07 19:30:00,trend_down,2020.41,non_compression_regime,,,,0.78,ge_0.78,0.78,
2026-02-07 20:30:00,trend_down,2052.54,non_compression_regime,,,,0.78,ge_0.78,0.78,
2026-02-07 21:30:00,trend_down,2050.3,non_compression_regime,,,,0.78,ge_0.78,0.78,
2026-02-08 11:30:00,range,2079.3,non_compression_regime,,,,0.78,ge_0.78,0.78,
2026-02-08 12:30:00,range,2084.41,non_compression_regime,,,,0.78,ge_0.78,0.78,
2026-02-08 14:30:00,range,2100.55,non_compression_regime,,,,0.78,ge_0.78,0.78,
2026-02-08 15:30:00,range,2096.08,non_compression_regime,,,,0.78,ge_0.78,0.78,
2026-02-08 21:30:00,high_volatility,2080.97,non_compression_regime,,,,0.78,ge_0.78,0.78,
2026-02-08 23:30:00,high_volatility,2109.47,non_compression_regime,,,,0.78,ge_0.78,0.78,
2026-02-09 06:30:00,high_volatility,2070.89,non_compression_regime,,,,0.78,ge_0.78,0.78,
2026-02-09 07:30:00,high_volatility,2081.29,non_compression_regime,,,,0.78,ge_0.78,0.78,
2026-02-09 15:30:00,trend_down,2022.7,non_compression_regime,,,,0.78,ge_0.78,0.78,
2026-02-09 16:30:00,trend_down,2028.23,non_compression_regime,,,,0.78,ge_0.78,0.78,
2026-02-09 18:30:00,trend_down,2022.52,non_compression_regime,,,,0.78,ge_0.78,0.78,
2026-02-09 19:30:00,trend_down,2043.7,non_compression_regime,,,,0.78,ge_0.78,0.78,
2026-02-09 20:30:00,trend_down,2061.61,non_compression_regime,,,,0.78,ge_0.78,0.78,
2026-02-09 21:30:00,high_volatility,2091.21,non_compression_regime,,,,0.78,ge_0.78,0.78,
2026-02-10 05:30:00,trend_up,2096.72,non_compression_regime,,,,0.78,ge_0.78,0.78,
2026-02-10 12:30:00,trend_down,2007.47,non_compression_regime,,,,0.78,ge_0.78,0.78,
2026-02-10 16:30:00,trend_down,2003.21,non_compression_regime,,,,0.78,ge_0.78,0.78,
2026-02-10 17:30:00,trend_down,2008.16,non_compression_regime,,,,0.78,ge_0.78,0.78,
2026-02-10 19:30:00,trend_down,2009.8,non_compression_regime,,,,0.78,ge_0.78,0.78,
2026-02-10 20:30:00,trend_down,2022.66,non_compression_regime,,,,0.78,ge_0.78,0.78,
2026-02-10 21:30:00,trend_down,2026.09,non_compression_regime,,,,0.78,ge_0.78,0.78,
2026-02-10 23:30:00,trend_down,2009.44,non_compression_regime,,,,0.78,ge_0.78,0.78,
2026-02-11 14:30:00,range,1947.0,non_compression_regime,,,,0.78,ge_0.78,0.78,
